id,name,combination,nodenorm_id,has_rxcui,in_robokop
CHEBI:71255,ASENAPINE; ASENAPINE ,FALSE,CHEBI:71255,False,True
DRUGBANK:DB14113,ANTIVENIN (LATRODECTUS MACTANS),FALSE,DRUGBANK:DB14113,True,False
MESH:D016899,INTERFERON-BETA,FALSE,MESH:D016899,True,False
RXCUI:1157355,ETHINYL ESTRADIOL; NORETHINDRONE,TRUE,RXCUI:1157355,True,False
RXCUI:1157364,ETHINYL ESTRADIOL; NORGESTIMATE,TRUE,RXCUI:1157364,True,False
RXCUI:1250232,ACETIC ACID; ALUMINUM ACETATE; GLACIAL,TRUE,RXCUI:1250232,True,False
RXCUI:2562180,DEXMETHYLPHENIDATE ; DEXMETHYLPHENIDATE; SERDEXMETHYLPHENIDATE,False; True,RXCUI:2562180,True,False
RXCUI:829538,ADAPALENE; BENZOYL PEROXIDE,TRUE,RXCUI:829538,True,False
UNII:C7S8VWP5DH,PAMIDRONATE DISODIUM,FALSE,UNII:C7S8VWP5DH,False,False
DRUGBANK:DB10558,PURIFIED PINEAPPLE STEM JUICE,FALSE,DRUGBANK:DB10558,True,False
DRUGBANK:DB13905,CENTRUROIDES (SCORPION) IMMUNE F(AB')2 (EQUINE) INJECTION,FALSE,DRUGBANK:DB13905,True,False
PUBCHEM.COMPOUND:9824461,REMIMAZOLAM; REMIMAZOLAM ,FALSE,PUBCHEM.COMPOUND:9824461,False,False
RXCUI:1157361,ETHYNODIOL; MESTRANOL; ETHINYL ESTRADIOL; ETHYNODIOL,TRUE,RXCUI:1157361,True,False
RXCUI:1861726,DROSPIRENONE; ETHINYL ESTRADIOL; LEVOMEFOLATE; DROSPIRENONE; ETHINYL ESTRADIOL,TRUE,RXCUI:1861726,True,False
RXCUI:2166086,HALOBETASOL; TAZAROTENE,TRUE,RXCUI:2166086,True,False
RXCUI:2596777,NIVOLUMAB; RELATLIMAB; NIVOLUMAB AND RELATLIMAB-RMBW,True; False,RXCUI:2596777,True,False
CHEBI:149836,TIGECYCLINE,FALSE,CHEBI:149836,True,True
DRUGBANK:DB10343,BCG LIVE,FALSE,DRUGBANK:DB10343,True,False
MESH:D022242,PNEUMOCOCCAL VACCINE,FALSE,MESH:D022242,False,False
RXCUI:1306289,COBICISTAT; ELVITEGRAVIR; EMTRICITABINE; TENOFOVIR DISOPROXIL,TRUE,RXCUI:1306289,True,False
RXCUI:151539,ALBUTEROL; IPRATROPIUM,TRUE,RXCUI:151539,True,False
RXCUI:1945215,MEROPENEM; VABORBACTAM,TRUE,RXCUI:1945215,True,False
RXCUI:2645731,BETAXOLOL; PILOCARPINE,TRUE,RXCUI:2645731,True,False
RXCUI:404930,CIPROFLOXACIN; DEXAMETHASONE; CIPROFLOXACIN; CIPROFLOXACIN,TRUE,RXCUI:404930,True,False
UNII:6SN82Y9U73,FORODESINE HYDROCHLORIDE,FALSE,UNII:6SN82Y9U73,False,False
DRUGBANK:DB16665,IDECABTAGENE VICLEUCEL,FALSE,DRUGBANK:DB16665,True,False
PUBCHEM.COMPOUND:71457944,COLISTIN SULFATE,FALSE,PUBCHEM.COMPOUND:71457944,False,False
RXCUI:1600704,COBICISTAT; DARUNAVIR,TRUE,RXCUI:1600704,True,False
RXCUI:368561,EPROSARTAN; HYDROCHLOROTHIAZIDE,TRUE,,,False
DRUGBANK:DB17132,"""CHARACTERISED VIABLE AUTOLOGOUS CARTILAGE CELLS EXPANDED EX VIVO EXPRESSING SPECIFIC MARKER PROTEINS; HEMATOPOIETIC PROGENITOR CELLS, CORD (HPC-C); OMIDUBICEL-ONLV""",FALSE,DRUGBANK:DB17132,True,False
RXCUI:1657136,ALLOGENEIC T CELLS GENETICALLY MODIFIED WITH A RETROVIRAL VECTOR ENCODING FOR A TRUNCATED FORM OF THE HUMAN LOW AFFINITY NERVE GROWTH FACTOR RECEPTOR (\\U0394LNGFR); THE HERPES SIMPLEX I VIRUS THYMIDINE KINASE (HSV-TK MUT2),TRUE,RXCUI:1657136,True,False
RXCUI:1940699,GLECAPREVIR; PIBRENTASVIR,TRUE,RXCUI:1940699,True,False
RXCUI:2646244,CALCIUM CHLORIDE; MAGNESIUM CHLORIDE; POTASSIUM CHLORIDE; SODIUM ACETATE; SODIUM CHLORIDE; SODIUM LACTATE,TRUE,RXCUI:2646244,True,False
UNII:4AWF0N6QV3,LIPEGFILGRASTIM,FALSE,UNII:4AWF0N6QV3,True,True
UNII:5K3UP561AX,INDIUM IN-111 PENTETATE ,FALSE,UNII:5K3UP561AX,False,False
UNII:B2L6AES9XQ,CANAGLIFLOZIN HYDRATE,FALSE,UNII:B2L6AES9XQ,False,False
UNII:HOY74VZE0M,GADOXETATE ,FALSE,UNII:HOY74VZE0M,True,True
DRUGBANK:DB10469,JAPANESE CEDAR POLLEN EXTRACT BULK POWDER,FALSE,DRUGBANK:DB10469,True,False
DRUGBANK:DB16791,ETRANACOGENE DEZAPARVOVEC; ETRANACOGENE DEZAPARVOVEC-DRLB,FALSE,DRUGBANK:DB16791,True,False
DRUGBANK:DB17381,NADOFARAGENE FIRADENOVEC-VNCG,FALSE,DRUGBANK:DB17381,True,False
PUBCHEM.COMPOUND:9884233,ALBUTEROL SULFATE,FALSE,PUBCHEM.COMPOUND:9884233,False,False
RXCUI:1154384,ATOVAQUONE; PROGUANIL,TRUE,RXCUI:1154384,True,False
RXCUI:1918195,FLUTICASONE; SALMETEROL XINAFOATE,TRUE,CHEBI:5134,True,True
RXCUI:668329,CLINDAMYCIN; TRETINOIN,TRUE,CHEBI:3746,True,True
PUBCHEM.COMPOUND:129628420,SODIUM RISEDRONATE HYDRATE,FALSE,PUBCHEM.COMPOUND:129628420,False,False
RXCUI:1189625,AMINO ACIDS; DEXTROSE,TRUE,RXCUI:801023,True,False
RXCUI:1542388,BUPRENORPHINE; NALOXONE,TRUE,RXCUI:352990,True,False
RXCUI:1989496,DOLUTEGRAVIR; RILPIVIRINE; CABOTEGRAVIR; RILPIVIRINE,TRUE,RXCUI:1989496,True,False
RXCUI:562792,MEQUINOL; TRETINOIN,TRUE,RXCUI:562792,True,False
UNII:9P1872D4OL,EXENATIDE; EXENATIDE SYNTHETIC,FALSE,UNII:9P1872D4OL,True,True
UNII:J1W7SQ7GC4,GOZETOTIDE,FALSE,UNII:J1W7SQ7GC4,False,False
CHEMBL.COMPOUND:CHEMBL904,DEXMETHYLPHENIDATE HYDROCHLORIDE,FALSE,CHEMBL.COMPOUND:CHEMBL904,False,False
PUBCHEM.COMPOUND:9938056,TOCOFERSOLAN,FALSE,PUBCHEM.COMPOUND:9938056,False,False
RXCUI:1291861,AZELASTINE; FLUTICASONE,TRUE,RXCUI:1291861,True,False
RXCUI:171000,CALCIUM CARBONATE; RISEDRONATE,TRUE,RXCUI:171000,True,False
RXCUI:1792383,CIPROFLOXACIN; FLUOCINOLONE ACETONIDE,TRUE,RXCUI:1792383,True,False
RXCUI:2266502,ETHINYL ESTRADIOL; ETONOGESTREL,TRUE,PUBCHEM.COMPOUND:9960701,True,False
UNII:807ME4B7IJ,SELUMETINIB SULFATE,FALSE,UNII:807ME4B7IJ,False,False
UNII:R2M8F5TK9T,DASABUVIR SODIUM,FALSE,UNII:R2M8F5TK9T,False,False
DRUGBANK:DB17635,NEDOSIRAN ,FALSE,DRUGBANK:DB17635,True,False
RXCUI:1157755,DESLORATADINE; PSEUDOEPHEDRINE,TRUE,RXCUI:1157755,True,False
RXCUI:215568,ASPIRIN; PRAVASTATIN,TRUE,CHEBI:15365,True,True
RXCUI:378790,CHLORPHENIRAMINE; HYDROCODONE,TRUE,RXCUI:378790,True,False
DRUGBANK:DB15497,"""SMALLPOX AND MONKEYPOX VACCINE, LIVE, NON-REPLICATING""",FALSE,DRUGBANK:DB15497,False,False
DRUGBANK:DB16746,ELIVALDOGENE AUTOTEMCEL,FALSE,DRUGBANK:DB16746,True,False
PUBCHEM.COMPOUND:25084011,NAFARELIN ACETATE HYDRATE,FALSE,PUBCHEM.COMPOUND:25084011,False,False
PUBCHEM.COMPOUND:519514,BROMODIPHENHYDRAMINE HYDROCHLORIDE,FALSE,PUBCHEM.COMPOUND:519514,False,False
PUBCHEM.COMPOUND:6918287,NALFURAFINE HYDROCHLORIDE,FALSE,PUBCHEM.COMPOUND:6918287,False,False
PUBCHEM.COMPOUND:71461574,TRIMETREXATE GLUCURONATE,FALSE,PUBCHEM.COMPOUND:71461574,False,False
RXCUI:1048968,MICONAZOLE NITRATE; WHITE PETROLATUM; ZINC OXIDE,TRUE,RXCUI:376977,True,False
RXCUI:1156423,SULFAMETHOXAZOLE; TRIMETHOPRIM; PHENAZOPYRIDINE; SULFAMETHOXAZOLE; PHENAZOPYRIDINE; SULFAMETHOXAZOLE; TRIMETHOPRIM,TRUE,RXCUI:1156423,True,False
RXCUI:1165326,LOPERAMIDE; SIMETHICONE,TRUE,RXCUI:1165326,True,False
RXCUI:374817,PHENYLEPHRINE; PYRILAMINE,TRUE,RXCUI:374817,True,False
DRUGBANK:DB10429,CANDIDA ALBICANS SKIN TEST ANTIGEN FOR CELLULAR HYPERSENSITIVITY,FALSE,DRUGBANK:DB10429,True,False
DRUGBANK:DB10958,"""VENOMS, WHITE FACED HORNET VENOM PROTEIN""",FALSE,DRUGBANK:DB10958,True,False
UNII:27Y83O992Q,NONACOG BETA PEGOL,FALSE,UNII:27Y83O992Q,False,False
DRUGBANK:DB17795,"""JAPANESE ENCEPHALITIS VACCINE, INACTIVATED, ADSORBED""",FALSE,DRUGBANK:DB17795,False,False
PUBCHEM.COMPOUND:20832750,BLEOMYCIN HYDROCHLORIDE,FALSE,PUBCHEM.COMPOUND:20832750,False,False
PUBCHEM.COMPOUND:51346597,CLAZOSENTAN SODIUM,FALSE,PUBCHEM.COMPOUND:51346597,False,False
RXCUI:1152278,AMLODIPINE; HYDROCHLOROTHIAZIDE; OLMESARTAN MEDOXOMIL,TRUE,RXCUI:1152278,True,False
RXCUI:1162801,HYDROCODONE; PSEUDOEPHEDRINE,TRUE,RXCUI:1162801,True,False
RXCUI:757603,METFORMIN; SITAGLIPTIN,TRUE,RXCUI:700516,True,False
UNII:39N9K8S2A4,ISOSULFAN BLUE,FALSE,UNII:39N9K8S2A4,True,False
UNII:U374135N48,TIRABRUTINIB HYDROCHLORIDE,FALSE,UNII:U374135N48,False,False
PUBCHEM.COMPOUND:23717383,POTASSIUM HYDROGEN CARBONATE,FALSE,PUBCHEM.COMPOUND:23717383,False,False
PUBCHEM.COMPOUND:24936221,DAPAGLIFLOZIN PROPYLENE GLYCOLATE HYDRATE,FALSE,PUBCHEM.COMPOUND:24936221,False,False
RXCUI:1155784,CHLORTHALIDONE; CLONIDINE,TRUE,RXCUI:1155784,True,False
RXCUI:1424887,VILANTEROL TRIFENATATE FLUTICASONE FUROATE; FLUTICASONE; VILANTEROL; FLUTICASONE; VILANTEROL TRIFENATATE,False; True,RXCUI:1424887,True,False
RXCUI:2109031,TRIPLE SULFA (SULFABENZAMIDE;SULFACETAMIDE;SULFATHIAZOLE),FALSE,RXCUI:2109031,True,False
RXCUI:2591804,MOMETASONE; OLOPATADINE,TRUE,RXCUI:2591804,True,False
RXCUI:2612074,ESTRADIOL; TESTOSTERONE ENANTHATE,TRUE,RXCUI:2612074,True,False
RXCUI:374696,GUAIFENESIN; HYDROCODONE; PSEUDOEPHEDRINE,TRUE,RXCUI:374696,True,False
RXCUI:54955,BACITRACIN; POLYMYXIN B,TRUE,RXCUI:54955,True,False
RXCUI:807366,ALUMINUM HYDROXIDE; TRISILICATE,TRUE,RXCUI:370834,True,False
UNII:04F55A7UZ3,PASIREOTIDE PAMOATE,FALSE,UNII:04F55A7UZ3,False,False
UNII:FR702N558K,PRANLUKAST HYDRATE,FALSE,UNII:FR702N558K,False,False
UNII:G6UF363ECX,LUTETIUM LU-177 VIPIVOTIDE TETRAXETAN,FALSE,UNII:G6UF363ECX,True,True
CHEBI:177836,DACARBAZINE,FALSE,CHEBI:177836,True,True
DRUGBANK:DB17961,DONISLECEL-JUJN,FALSE,DRUGBANK:DB17961,True,False
PUBCHEM.COMPOUND:54763513,IMEGLIMIN HYDROCHLORIDE,FALSE,PUBCHEM.COMPOUND:54763513,False,False
PUBCHEM.COMPOUND:9964861,PRAMIPEXOLE DIHYDROCHLORIDE,FALSE,PUBCHEM.COMPOUND:9964861,False,False
RXCUI:373278,ASPIRIN; PENTAZOCINE,TRUE,RXCUI:373278,True,False
RXCUI:718834,ARTEMETHER; LUMEFANTRINE,TRUE,RXCUI:718834,True,False
UNII:W70V6I2OMY,PARGYLINE HYDROCHLORIDE,FALSE,UNII:W70V6I2OMY,False,False
PUBCHEM.COMPOUND:67998300,PEFICITINIB HYDROBROMIDE,FALSE,PUBCHEM.COMPOUND:67998300,False,False
RXCUI:1651559,GUAIFENESIN; HYDROCODONE,TRUE,RXCUI:374696,True,False
RXCUI:2641139,MAGNESIUM SULFATE; POLYETHYLENE GLYCOL 3350; POTASSIUM CHLORIDE; SODIUM CHLORIDE; SODIUM SULFATE,TRUE,RXCUI:2641139,True,False
RXCUI:375719,CODEINE; PROMETHAZINE,TRUE,RXCUI:375719,True,False
RXCUI:405343,FLUOXETINE; OLANZAPINE; OLANZAPINE; SAMIDORPHAN L-MALATE,TRUE,RXCUI:405343,True,False
RXCUI:763247,FENOFIBRATE; PRAVASTATIN,TRUE,CHEBI:5001,True,True
UNII:G79YN26H5B,PENTETATE CALCIUM TRISODIUM PENTETATE ZINC TRISODIUM; PENTETATE  TRISODIUM YB-169,FALSE,UNII:G79YN26H5B,True,False
UNII:Z9SLP4OW0Y,PEMETREXED DIPOTASSIUM,FALSE,UNII:Z9SLP4OW0Y,False,False
DRUGBANK:DB15500,"""INCOBOTULINUMTOXIN A; PANDEMIC INFLUENZA VACCINE (H5N1) (SURFACE ANTIGEN, INACTIVATED, ADJUVANTED); ZOONOTIC INFLUENZA VACCINE (H5N1) (SURFACE ANTIGEN, INACTIVATED, ADJUVANTED); PANDEMIC INFLUENZA VACCINE (H5N1) (WHOLE VIRION, INACTIVATED, PREPARED IN CELL CULTURE); INFLUENZA VACCINE (SURFACE ANTIGEN, INACTIVATED, PREPARED IN CELL CULTURES); INFLUENZA VACCINE (SURFACE ANTIGEN, INACTIVATED, ADJUVANTED); PANDEMIC INFLUENZA VACCINE (H5N1) (SPLIT VIRION, INACTIVATED, ADJUVANTED); PREPANDEMIC INFLUENZA VACCINE (H5N1) (SPLIT VIRION; INACTIVATED; PREPANDEMIC INFLUENZA VACCINE (H5N1) (WHOLE VIRION; THE HERPES SIMPLEX I VIRUS THYMIDINE KINASE (HSV-TK MUT2); INFLUENZA VACCINE (SPLIT VIRION; INACTIVATED); INFLUENZA VACCINE (H1N1)V (WHOLE VIRION; INFLUENZA VACCINE (H1N1)V (SPLIT VIRION; PREPANDEMIC INFLUENZA VACCINE (H5N1) (SURFACE ANTIGEN; INFLUENZA VACCINE H1N1V (SURFACE ANTIGEN; PANDEMIC INFLUENZA VACCINE (WHOLE VIRION; PANDEMIC INFLUENZA VACCINE (H1N1)V (SPLIT VIRION; PANDEMIC INFLUENZA VACCINE (H1N1) (SPLIT VIRION; INFLUENZA VIRUS VACCINE, H5N1; INFLUENZA A (H5N1) VIRUS MONOVALENT VACCINE, ADJUVANTED; INFLUENZA VACCINE, ADJUVANTED; INFLUENZA A (H5N1) MONOVALENT VACCINE, ADJUVANTED""",FALSE,DRUGBANK:DB19320,True,False
PUBCHEM.COMPOUND:168918,DILTIAZEM MALATE,FALSE,PUBCHEM.COMPOUND:168918,False,False
PUBCHEM.COMPOUND:54681908,SARECYCLINE ,FALSE,PUBCHEM.COMPOUND:54681908,True,False
RXCUI:1100064,FAMOTIDINE; IBUPROFEN,TRUE,RXCUI:1100064,True,False
RXCUI:1151145,DICLOFENAC; MISOPROSTOL,TRUE,RXCUI:1151145,True,False
RXCUI:1151605,HYDROCHLOROTHIAZIDE; TIMOLOL,TRUE,RXCUI:1151605,True,False
RXCUI:1163485,METHYLPREDNISOLONE; NEOMYCIN,TRUE,RXCUI:1163485,True,False
RXCUI:1367007,ALENDRONATE; CHOLECALCIFEROL,TRUE,RXCUI:1367007,True,False
RXCUI:1592713,DAPAGLIFLOZIN; METFORMIN,TRUE,RXCUI:1592713,True,False
RXCUI:372452,ACETAMINOPHEN; IBUPROFEN,TRUE,RXCUI:372452,True,False
CHEBI:59164,BALSALAZIDE ,FALSE,CHEBI:59164,False,True
CHEBI:71019,OMACETAXINE MEPESUCCINATE,FALSE,CHEBI:71019,True,True
DRUGBANK:DB14115,BOTULISM IMMUNE GLOBULIN INTRAVENOUS (HUMAN),FALSE,DRUGBANK:DB14115,True,False
PUBCHEM.COMPOUND:13472099,NOMEGESTROL,FALSE,PUBCHEM.COMPOUND:13472099,False,False
UNII:0163PVD2QZ,HYDROXYSTILBAMIDINE ISETHIONATE,FALSE,UNII:0163PVD2QZ,False,False
UNII:DFK0FC2VVV,GEFAPIXANT CITRATE,FALSE,UNII:DFK0FC2VVV,False,False
['Error'],VOXILAPREVI; LEDISPAVIR,FALSE,,,False
PUBCHEM.COMPOUND:11957447,NOREPINEPHRINE BITARTRATE,FALSE,PUBCHEM.COMPOUND:11957447,False,False
PUBCHEM.COMPOUND:64648,DOXAPRAM HYDROCHLORIDE HYDRATE,FALSE,PUBCHEM.COMPOUND:64648,False,False
RXCUI:151392,AMOXICILLIN; CLARITHROMYCIN; LANSOPRAZOLE; AMOXICILLIN; CLARITHROMYCIN; VONOPRAZAN; AMOXICILLIN; VONOPRAZAN; AMOXICILLIN; CLAVULANATE,TRUE,RXCUI:151392,True,False
RXCUI:2055806,DORAVIRINE; LAMIVUDINE; TENOFOVIR DISOPROXIL,TRUE,RXCUI:2055806,True,False
RXCUI:2388173,ETHINYL ESTRADIOL; LEVONORGESTREL,TRUE,RXCUI:2388173,True,False
RXCUI:2535744,EZETIMIBE; ROSUVASTATIN,TRUE,RXCUI:2535744,True,False
RXCUI:378730,GLIPIZIDE; METFORMIN,TRUE,RXCUI:378730,True,False
UNII:9G2HB74868,EPROSARTAN MESYLATE,FALSE,UNII:9G2HB74868,False,False
DRUGBANK:DB10316,"""LIVE VACCINIA VIRUS (LC16M8 STRAIN); MEASLES, MUMPS, RUBELLA AND VARICELLA VACCINE (LIVE); MEASLES, MUMPS AND RUBELLA VACCINE (LIVE); MEASLES, MUMPS AND RUBELLA VIRUS VACCINE LIVE; MEASLES, MUMPS, RUBELLA AND VARICELLA VIRUS VACCINE LIVE; MEASLES, MUMPS AND RUBELLA VACCINE LIVE""",FALSE,DRUGBANK:DB10316,True,False
DRUGBANK:DB16900,AUTOLOGOUS CD34+ CELLS ENCODING ARSA GENE; BETIBEGLOGENE AUTOTEMCEL,FALSE,DRUGBANK:DB16900,True,False
PUBCHEM.COMPOUND:158220,ACTINOMYCIN D,FALSE,PUBCHEM.COMPOUND:158220,False,False
PUBCHEM.COMPOUND:76322320,COLISTIN ,FALSE,PUBCHEM.COMPOUND:76322320,False,False
RXCUI:1153864,CHLOROTHIAZIDE; METHYLDOPA,TRUE,RXCUI:1153864,True,False
RXCUI:1154057,ASPIRIN; BUTALBITAL; CAFFEINE; ASPIRIN; BUTALBITAL; CAFFEINE; CODEINE; ASPIRIN; BUTALBITAL,TRUE,RXCUI:1154057,True,False
RXCUI:216653,HYDROCHLOROTHIAZIDE; VALSARTAN,TRUE,RXCUI:216653,True,False
RXCUI:260051,"""VENOMS, WASP VENOM PROTEIN""",FALSE,RXCUI:260051,True,False
RXCUI:404914,AMLODIPINE; TELMISARTAN; ALISKIREN; AMLODIPINE BESILATE; AMLODIPINE; ATORVASTATIN,TRUE,RXCUI:404914,True,False
RXCUI:730988,CARBIDOPA; ENTACAPONE; LEVODOPA,TRUE,RXCUI:730988,True,False
UNII:5X3GF74R79,RURIOCTOCOG ALFA; RURIOCTOCOG ALFA PEGOL,FALSE,UNII:5X3GF74R79,False,False
UNII:8L6LAK9BTR,"""ESTROGENS, CONJUGATED SYNTHETIC B""",FALSE,UNII:8L6LAK9BTR,True,False
UNII:G43E72677U,SODIUM GLYCEROPHOSPHATE,FALSE,UNII:G43E72677U,True,True
CHEBI:68841,GADOBUTROL,FALSE,CHEBI:68841,True,True
DRUGBANK:DB17762,"""RESPIRATORY SYNCYTIAL VIRUS VACCINE, ADJUVANTED""",FALSE,DRUGBANK:DB17762,False,False
RXCUI:1153232,ASPIRIN; CAFFEINE; ORPHENADRINE,TRUE,RXCUI:1153232,True,False
RXCUI:1154985,ATROPINE; PRALIDOXIME,TRUE,RXCUI:1154985,True,False
RXCUI:1992683,ERTUGLIFLOZIN; METFORMIN; METFORMIN; VILDAGLIPTIN,TRUE,RXCUI:1992683,True,False
UNII:71204KII53,TAPENTADOL HYDROCHLORIDE,FALSE,UNII:71204KII53,False,False
UNII:S38B9W6AXW,AMINOSALICYLATE SODIUM,FALSE,UNII:S38B9W6AXW,False,False
DRUGBANK:DB09057,ANTHRAX IMMUNE GLOBULIN INTRAVENOUS (HUMAN),FALSE,DRUGBANK:DB09057,True,False
DRUGBANK:DB11312,PROTEIN C CONCENTRATE (HUMAN),FALSE,DRUGBANK:DB11312,True,True
DRUGBANK:DB16582,LISOCABTAGENE MARALEUCEL,FALSE,DRUGBANK:DB16582,True,False
DRUGBANK:DB17095,RILTOZINAMERAN,FALSE,DRUGBANK:DB17095,False,False
RXCUI:1160825,FLUOROMETHOLONE; SULFACETAMIDE,TRUE,RXCUI:1160825,True,False
RXCUI:1164166,PYRIMETHAMINE; SULFADOXINE,TRUE,RXCUI:1164166,True,False
RXCUI:24292,ASPIRIN; MEPROBAMATE,TRUE,RXCUI:24292,True,False
RXCUI:800645,DEXTROSE; MAGNESIUM CHLORIDE; MONOBASIC; POTASSIUM CHLORIDE; POTASSIUM PHOSPHATE; SODIUM CHLORIDE; SODIUM LACTATE; DEXTROSE; MONOBASIC; POTASSIUM CHLORIDE; POTASSIUM PHOSPHATE; SODIUM CHLORIDE; SODIUM LACTATE; DEXTROSE; MAGNESIUM CHLORIDE; MONOBASIC; MONOBASIC ANHYDROUS; POTASSIUM CHLORIDE; POTASSIUM PHOSPHATE; SODIUM LACTATE; SODIUM PHOSPHATE; DEXTROSE; MONOBASIC ANHYDROUS; POTASSIUM CHLORIDE; POTASSIUM LACTATE; SODIUM CHLORIDE; SODIUM PHOSPHATE; MAGNESIUM SULFATE; MONOBASIC; POTASSIUM CHLORIDE; POTASSIUM PHOSPHATE; SODIUM CHLORIDE; SODIUM PHOSPHATE,TRUE,RXCUI:800645,True,False
UNII:8NZ41MIK1O,ENOXAPARIN SODIUM; ENOXAPARIN ,FALSE,UNII:8NZ41MIK1O,True,True
PUBCHEM.COMPOUND:11511576,TEDIZOLID PHOSPHATE,FALSE,PUBCHEM.COMPOUND:11511576,False,False
PUBCHEM.COMPOUND:123147,BENZYL ,FALSE,PUBCHEM.COMPOUND:123147,False,False
PUBCHEM.COMPOUND:71300755,SERELAXIN,FALSE,PUBCHEM.COMPOUND:71300755,False,False
RXCUI:1152239,ACETAMINOPHEN; TRAMADOL,TRUE,RXCUI:1152239,True,False
RXCUI:1718983,BISACODYL; POLYETHYLENE GLYCOL 3350; POTASSIUM CHLORIDE; SODIUM BICARBONATE; SODIUM CHLORIDE; ASCORBATE; ASCORBIC ACID; POLYETHYLENE GLYCOL 3350; POTASSIUM CHLORIDE; SODIUM CHLORIDE; SODIUM SULFATE,TRUE,RXCUI:41656,True,False
RXCUI:216913,ATROPINE; EDROPHONIUM,TRUE,RXCUI:216913,True,False
RXCUI:376677,CITRIC ACID; MAGNESIUM OXIDE; SODIUM CARBONATE,TRUE,RXCUI:376677,True,False
UNII:ED959S6ACY,INVERT SUGAR,FALSE,UNII:ED959S6ACY,True,False
DRUGBANK:DB10957,"""VENOMS, YELLOW HORNET VENOM PROTEIN""",FALSE,DRUGBANK:DB10957,True,False
PUBCHEM.COMPOUND:19987169,THEOPHYLLINE  GLYCINATE,FALSE,PUBCHEM.COMPOUND:19987169,False,False
PUBCHEM.COMPOUND:9377,HYDROXYAMPHETAMINE HYDROBROMIDE,FALSE,PUBCHEM.COMPOUND:9377,False,False
RXCUI:1156197,GLYBURIDE; METFORMIN,TRUE,RXCUI:1156197,True,False
RXCUI:1487516,UMECLIDINIUM; VILANTEROL; UMECLIDINIUM; VILANTEROL TRIFENATATE,TRUE,RXCUI:1487516,True,False
RXCUI:1811627,ASPIRIN; OMEPRAZOLE,TRUE,RXCUI:1811627,True,False
RXCUI:2660179,ASPIRIN; PROPOXYPHENE,TRUE,RXCUI:2660179,True,False
RXCUI:804583,ISOPROTERENOL; PHENYLEPHRINE,TRUE,RXCUI:804583,True,False
UNII:B6PMV8U3C4, (131I) OMBURTAMAB,FALSE,UNII:B6PMV8U3C4,False,False
DRUGBANK:DB15483,SMALLPOX AND MONKEYPOX VACCINE (LIVE MODIFIED VACCINIA VIRUS ANKARA),FALSE,DRUGBANK:DB15483,True,True
PUBCHEM.COMPOUND:5284632,TROSPIUM ,FALSE,PUBCHEM.COMPOUND:5284632,False,False
RXCUI:1145800,EMTRICITABINE; RILPIVIRINE; TENOFOVIR DISOPROXIL,TRUE,RXCUI:1145800,True,False
RXCUI:1161285,EFAVIRENZ; LAMIVUDINE; TENOFOVIR DISOPROXIL,TRUE,RXCUI:1161285,True,False
RXCUI:1162778,HYDROCHLOROTHIAZIDE; OLMESARTAN MEDOXOMIL,TRUE,RXCUI:1162778,True,False
RXCUI:218205,ACETAMINOPHEN; CLEMASTINE; PSEUDOEPHEDRINE,TRUE,CHEBI:46195,True,True
RXCUI:243611,MANNITOL; SORBITOL,TRUE,RXCUI:243611,True,False
RXCUI:370748,ACETAMINOPHEN; CODEINE,TRUE,RXCUI:370748,True,False
UNII:4118932Z90,TRELAGLIPTIN SUCCINATE,FALSE,UNII:4118932Z90,False,False
RXCUI:1154705,BISOPROLOL; HYDROCHLOROTHIAZIDE,TRUE,RXCUI:1154705,True,False
RXCUI:1484755,PROCAINE; TETRACYCLINE; NOREPINEPHRINE; PROCAINE; PROPOXYCAINE; LEVONORDEFRIN; PROCAINE; PROPOXYCAINE,TRUE,RXCUI:1484755,True,False
RXCUI:23742,HYDROCHLOROTHIAZIDE; TRIAMTERENE,TRUE,RXCUI:23742,True,False
RXCUI:577093,METFORMIN; PIOGLITAZONE,TRUE,RXCUI:577093,True,False
RXCUI:87795,COAGULATION FACTOR IX (HUMAN),FALSE,UNII:A57KX1VL5P,True,True
UNII:D0L9J6I13I,SECRETIN SYNTHETIC PORCINE,FALSE,UNII:D0L9J6I13I,False,False
UNII:EXT215F4ZU,DEGARELIX ACETATE,FALSE,UNII:EXT215F4ZU,False,False
UNII:I894QAU7FJ,BENZHYDROCODONE HYDROCHLORIDE,FALSE,UNII:I894QAU7FJ,False,False
PUBCHEM.COMPOUND:44563,LODOXAMIDE TROMETHAMINE,FALSE,PUBCHEM.COMPOUND:44563,False,False
RXCUI:1094081,ARGININE; LYSINE,TRUE,RXCUI:1094081,True,False
RXCUI:1547442,AMINO ACIDS; MAGNESIUM ACETATE; PHOSPHORIC ACID; POTASSIUM ACETATE; POTASSIUM CHLORIDE; SODIUM ACETATE,TRUE,RXCUI:1547442,True,False
RXCUI:1661498,LEVONORDEFRIN; MEPIVACAINE,TRUE,CHEBI:6759,True,True
UNII:C8YTS56FNG,ELOBIXIBAT HYDRATE,FALSE,UNII:C8YTS56FNG,False,False
PUBCHEM.COMPOUND:349962,ACENEURAMIC ACID,FALSE,PUBCHEM.COMPOUND:349962,False,False
RXCUI:2375135,DARATUMUMAB AND HYALURONIDASE-FIHJ,FALSE,RXCUI:2375135,True,False
RXCUI:2659526,PHENAZOPYRIDINE; SULFISOXAZOLE,TRUE,RXCUI:2659526,True,False
RXCUI:365679,INSULIN ISOPHANE HUMAN,FALSE,CHEBI:5931,True,True
RXCUI:891148,CHLORAMPHENICOL; POLYMYXIN B,TRUE,RXCUI:891148,True,False
UNII:K490D39G46,PROPOXYCAINE HYDROCHLORIDE,FALSE,UNII:K490D39G46,False,False
UNII:XX73205DH5,SUCRALFATE,FALSE,UNII:XX73205DH5,True,True
RXCUI:1161548,HYDRALAZINE; HYDROCHLOROTHIAZIDE; RESERPINE; HYDRALAZINE; RESERPINE; HYDROCHLOROTHIAZIDE; RESERPINE; HYDROFLUMETHIAZIDE; RESERPINE; QUINETHAZONE; RESERPINE; RESERPINE; TRICHLORMETHIAZIDE; POLYTHIAZIDE; RESERPINE,TRUE,RXCUI:1161548,True,False
RXCUI:1423408,CYANOCOBALAMIN; TANNIC ACID; ZINC ACETATE,TRUE,RXCUI:1423408,True,False
RXCUI:1987140,HYDROCORTISONE; UREA; CHLORAMPHENICOL; HYDROCORTISONE; HYDROCORTISONE; TETRACYCLINE; ACETIC ACID; GLACIAL; HYDROCORTISONE,TRUE,CHEBI:5781,True,True
RXCUI:202609,ERYTHROMYCIN ESTOLATE; SULFISOXAZOLE ACETYL,TRUE,CHEBI:4846,True,True
RXCUI:2566414,PNEUMOCOCCAL 13- VALENT CONJUGATE VACCINE ADSORBED (MUTATED DIPHTHERIA CRM197 CONJUGATE); PNEUMOCOCCAL 13-VALENT CONJUGATE VACCINE ADSORBED (MUTATED DIPHTHERIA CRM197 CONJUGATE); PNEUMOCOCCAL 13-VALENT CONJUGATE VACCINE (DIPHTHERIA CRM197 PROTEIN),FALSE,RXCUI:2566414,True,False
RXCUI:285170,"""VENOMS, YELLOW JACKET VENOM PROTEIN""",FALSE,RXCUI:285170,True,False
DRUGBANK:DB17091,DAVESOMERAN,FALSE,DRUGBANK:DB17091,False,False
DRUGBANK:DB18712,BERDAZIMER ,FALSE,DRUGBANK:DB18712,False,False
PUBCHEM.COMPOUND:134717,MAGNESIUM ACETATE TETRAHYDRATE,FALSE,PUBCHEM.COMPOUND:134717,False,False
RXCUI:2257008,ELEXACAFTOR; IVACAFTOR; TEZACAFTOR,TRUE,RXCUI:2257008,True,False
RXCUI:85783,HYDROCHLOROTHIAZIDE; LISINOPRIL,TRUE,RXCUI:85783,True,False
UNII:55F75LJQ0V,ANAMORELIN HYDROCHLORIDE,FALSE,UNII:55F75LJQ0V,False,False
PUBCHEM.COMPOUND:11979316,VASOPRESSIN,FALSE,PUBCHEM.COMPOUND:11979316,True,True
PUBCHEM.COMPOUND:517056,SODIUM GLUCONATE,FALSE,PUBCHEM.COMPOUND:517056,False,False
PUBCHEM.COMPOUND:9551858,CETIRIZINE HYDROCHLORIDE,FALSE,PUBCHEM.COMPOUND:9551858,False,False
RXCUI:1153750,ASPIRIN; OXYCODONE; OXYCODONE; ASPIRIN; OXYCODONE,TRUE,RXCUI:1153750,True,False
RXCUI:2047715,AMLODIPINE; CELECOXIB,TRUE,RXCUI:2047715,True,False
RXCUI:218309,CHLORDIAZEPOXIDE; ESTERIFIED; ESTROGENS,TRUE,DRUGBANK:DB09381,True,True
RXCUI:220298,CALCIUM CHLORIDE; DEXTROSE; POTASSIUM CHLORIDE; SODIUM CHLORIDE; SODIUM LACTATE; DEXTROSE; POTASSIUM CHLORIDE; CALCIUM CHLORIDE; DEXTROSE; POTASSIUM CHLORIDE; SODIUM CHLORIDE; DEXTROSE; POTASSIUM CHLORIDE; SODIUM CHLORIDE; POTASSIUM CHLORIDE; SODIUM CHLORIDE; POTASSIUM CHLORIDE; SODIUM CHLORIDE; TROMETHAMINE,TRUE,RXCUI:220298,True,False
UNII:4O2AB118LA,GRAZOPREVIR HYDRATE,FALSE,UNII:4O2AB118LA,False,False
CHEMBL.COMPOUND:CHEMBL3990008,TABELECLEUCEL,FALSE,CHEMBL.COMPOUND:CHEMBL3990008,False,False
DRUGBANK:DB09222,FREEZE-DRIED HUMAN FIBRINOGEN; HUMAN FIBRINOGEN; FIBRINOGEN CONCENTRATE (HUMAN); FIBRINOGEN (HUMAN),FALSE,UNII:SCK81AMR7R,True,True
PUBCHEM.COMPOUND:11954282,FOSAMPRENAVIR CALCIUM HYDRATE,FALSE,PUBCHEM.COMPOUND:11954282,False,False
PUBCHEM.COMPOUND:441310,TRIMETHAPHAN CAMSYLATE,FALSE,PUBCHEM.COMPOUND:441310,False,False
RXCUI:1165638,FLUOCINOLONE ACETONIDE; HYDROQUINONE; TRETINOIN,TRUE,RXCUI:1165638,True,False
RXCUI:2665012,DURLOBACTAM; DURLOBACTAM; SULBACTAM,TRUE,RXCUI:2665012,True,False
RXCUI:35351,CITRIC ACID; GLUCONOLACTONE; MAGNESIUM CARBONATE,TRUE,RXCUI:35351,True,False
RXCUI:372553,HYDROCHLOROTHIAZIDE; LABETALOL,TRUE,RXCUI:372553,True,False
RXCUI:374760,ASPIRIN; CARISOPRODOL; ASPIRIN; CARISOPRODOL; CODEINE,TRUE,RXCUI:374760,True,False
RXCUI:539712,MACROCRYSTALLINE; NITROFURANTOIN; NITROFURANTOIN,TRUE,RXCUI:539712,True,False
UNII:50538BG43J,COMPONENT) (PA),FALSE,UNII:50538BG43J,False,False
UNII:JG8OB4UL9Y,FILGOTINIB MALEATE,FALSE,UNII:JG8OB4UL9Y,False,False
CHEMBL.COMPOUND:CHEMBL2108290,EPOETIN THETA,FALSE,CHEMBL.COMPOUND:CHEMBL2108290,False,True
DRUGBANK:DB17743,"""FECAL MICROBIOTA TRANSPLANTATION, FROZEN PREPARATION""",FALSE,DRUGBANK:DB17743,True,False
PUBCHEM.COMPOUND:23431961,SODIUM CITRATE,FALSE,PUBCHEM.COMPOUND:23431961,False,False
RXCUI:1734632,ELBASVIR; GRAZOPREVIR,TRUE,RXCUI:1734632,True,False
RXCUI:1865649,CITRIC ACID; MAGNESIUM OXIDE; PICOSULFATE,TRUE,RXCUI:1865649,True,False
RXCUI:1999664,BICTEGRAVIR; EMTRICITABINE; TENOFOVIR ALAFENAMIDE; COBICISTAT; DARUNAVIR; EMTRICITABINE; TENOFOVIR ALAFENAMIDE; EMTRICITABINE; TENOFOVIR ALAFENAMIDE; COBICISTAT; ELVITEGRAVIR; EMTRICITABINE; TENOFOVIR ALAFENAMIDE,TRUE,RXCUI:1999664,True,False
RXCUI:476348,FENOFIBRATE; SIMVASTATIN; EZETIMIBE; SIMVASTATIN,TRUE,RXCUI:476348,True,False
UNII:P2Y1C6M9PS,SODIUM LACTATE,FALSE,UNII:P2Y1C6M9PS,False,False
UNII:P6R62377KV,TETRACYCLINE HYDROCHLORIDE,FALSE,UNII:P6R62377KV,False,False
UNII:QS9014Q792,ARTICAINE HYDROCHLORIDE,FALSE,UNII:QS9014Q792,False,False
CHEMBL.COMPOUND:CHEMBL5095048,AMPHETAMINE ASPARTATE/DEXTROAMPHETAMINE SULFATE,FALSE,PUBCHEM.COMPOUND:166625358,False,False
DRUGBANK:DB10399,"""ANIMAL ALLERGENS, STANDARDIZED CAT PELT""",FALSE,DRUGBANK:DB10399,True,False
DRUGBANK:DB16701,"""PLASMINOGEN, HUMAN-TVMH""",FALSE,DRUGBANK:DB16701,True,False
PUBCHEM.COMPOUND:138404169,UPACICALCET SODIUM HYDRATE,FALSE,PUBCHEM.COMPOUND:138404169,False,False
RXCUI:1161550,HYDRALAZINE; HYDROCHLOROTHIAZIDE,TRUE,RXCUI:1161550,True,False
RXCUI:1375946,DOXYLAMINE; PYRIDOXINE,TRUE,RXCUI:1375946,True,False
RXCUI:373113,MESTRANOL; NORETHYNODREL,TRUE,RXCUI:373113,True,False
RXCUI:800634,AMINO ACIDS; DIBASIC; MAGNESIUM CHLORIDE; POTASSIUM PHOSPHATE; SODIUM CHLORIDE; AMINO ACIDS; DIBASIC; MAGNESIUM CHLORIDE; POTASSIUM CHLORIDE; SODIUM CHLORIDE; SODIUM PHOSPHATE; AMINO ACIDS; DIBASIC; HEPTAHYDRATE; MAGNESIUM CHLORIDE; POTASSIUM CHLORIDE; SODIUM CHLORIDE; SODIUM PHOSPHATE; AMINO ACIDS; DEXTROSE; DIBASIC; HEPTAHYDRATE; MAGNESIUM CHLORIDE; POTASSIUM CHLORIDE; SODIUM CHLORIDE; SODIUM PHOSPHATE; AMINO ACIDS; CALCIUM CHLORIDE; DEXTROSE; DIBASIC; MAGNESIUM CHLORIDE; POTASSIUM CHLORIDE; POTASSIUM PHOSPHATE; SODIUM CHLORIDE; DEXTROSE; DIBASIC; MAGNESIUM CHLORIDE; MONOBASIC ANHYDROUS; POTASSIUM CHLORIDE; POTASSIUM PHOSPHATE; SODIUM CHLORIDE; SODIUM LACTATE; SODIUM PHOSPHATE; DIBASIC; GLUCONATE; HEPTAHYDRATE; MAGNESIUM CHLORIDE; MONOBASIC; POTASSIUM CHLORIDE; POTASSIUM PHOSPHATE; SODIUM ACETATE; SODIUM CHLORIDE; SODIUM PHOSPHATE; CALCIUM CHLORIDE; DEXTROSE; DIBASIC; HEPTAHYDRATE; MAGNESIUM SULFATE; POTASSIUM CHLORIDE; SODIUM BICARBONATE; SODIUM CHLORIDE; SODIUM PHOSPHATE; DIBASIC; MONOBASIC; POTASSIUM PHOSPHATE; POTASSIUM PHOSPHATE,TRUE,RXCUI:800634,True,False
UNII:R71Y86M0WT,PROGUANIL HYDROCHLORIDE,FALSE,UNII:R71Y86M0WT,False,False
DRUGBANK:DB16802,DELANDISTROGENE MOXEPARVOVEC-ROKL,FALSE,DRUGBANK:DB16802,True,False
PUBCHEM.COMPOUND:135449331,ELTROMBOPAG OLAMINE,FALSE,PUBCHEM.COMPOUND:135449331,False,False
RXCUI:1154859,DEXTROMETHORPHAN; GUAIFENESIN,TRUE,RXCUI:1154859,True,False
RXCUI:1164886,ALISKIREN; VALSARTAN,TRUE,RXCUI:1164886,True,False
RXCUI:1799208,SOFOSBUVIR; VELPATASVIR; VOXILAPREVI; SOFOSBUVIR; VELPATASVIR,TRUE,RXCUI:1799208,True,False
RXCUI:992657,HOMATROPINE METHYLBROMIDE; HYDROCODONE,TRUE,RXCUI:151875,True,False
DRUGBANK:DB10385,"""POLLENS - WEEDS AND GARDEN PLANTS, RAGWEED, SHORT AMBROSIA ELATIOR; SHORT RAGWEED POLLEN ALLERGEN EXTRACT""",FALSE,DRUGBANK:DB10385,True,False
RXCUI:1152980,BENZOYL PEROXIDE; ERYTHROMYCIN,TRUE,DrugCentral:3875,True,True
RXCUI:1161005,MESTRANOL; NORETHINDRONE,TRUE,RXCUI:1161005,True,False
UNII:VPR5FPH326,ANTAZOLINE PHOSPHATE,FALSE,UNII:VPR5FPH326,False,False
DRUGBANK:DB10401,HOUSE DUST MITES (DERMATOPHAGOIDES FARINAE AND DERMATOPHAGOIDES PTERONYSSINUS) ALLERGEN EXTRACT,FALSE,DRUGBANK:DB10401,True,False
DRUGBANK:DB11050,"""LIVE); TYPHOID VACCINE LIVE ORAL TY21A; INFLUENZA VACCINE LIVE, INTRANASAL""",FALSE,DRUGBANK:DB11050,True,False
DRUGBANK:DB11166,ANTITHROMBIN GAMMA; LYOPHILIZED HUMAN ANTITHROMBIN III CONCENTRATE; ANTITHROMBIN ALFA; ANTITHROMBIN III (HUMAN),FALSE,DRUGBANK:DB11166,True,False
PUBCHEM.COMPOUND:121480897,CICLOSPORIN,FALSE,PUBCHEM.COMPOUND:121480897,False,False
RXCUI:1161552,HYDRALAZINE; ISOSORBIDE DINITRATE,TRUE,RXCUI:1161552,True,False
RXCUI:1165334,LORATADINE; PSEUDOEPHEDRINE,TRUE,RXCUI:1165334,True,False
RXCUI:1664312,EMPAGLIFLOZIN; METFORMIN,TRUE,RXCUI:1664312,True,False
RXCUI:1860167,INSULIN DEGLUDEC; LIRAGLUTIDE,TRUE,RXCUI:1860167,True,False
RXCUI:216501,ACETIC ACID; DESONIDE; GLACIAL,TRUE,CHEBI:204734,True,True
RXCUI:311297,LEVOMETHADYL  ,FALSE,RXCUI:311297,True,False
UNII:HP46XK89XB,THIETHYLPERAZINE MALATE,FALSE,UNII:HP46XK89XB,False,False
RXCUI:1157243,GLIMEPIRIDE; ROSIGLITAZONE,TRUE,RXCUI:1157243,True,False
RXCUI:2119698,LATANOPROST; NETARSUDIL; LATANOPROST; NETARSUDIL DIMESYLATE,TRUE,RXCUI:2119698,True,False
RXCUI:219679,ISONIAZID; RIFAMPIN,TRUE,RXCUI:219679,True,False
RXCUI:372115,ETHYNODIOL DIACETATE,FALSE,RXCUI:372115,True,False
RXCUI:616538,OMEPRAZOLE; SODIUM BICARBONATE; SODIUM BICARBONATE; TARTARIC ACID; MAGNESIUM HYDROXIDE; OMEPRAZOLE; SODIUM BICARBONATE,TRUE,RXCUI:616538,True,False
RXCUI:702130,BROMODIPHENHYDRAMINE; CODEINE,TRUE,RXCUI:702130,True,False
RXCUI:832679,"""HEPATITIS B SURFACE ANTIGENS RECOMBINANT (S; PRE-S1; PRE-S2) ADSORBED ON ALUMINIUM  [PRODUCED ON GENETICALLY ENGINEERED MURINE (C127I) CELLS]; ADSORBED); ADSORBED; ANTHRAX VACCINE ADSORBED; ANTHRAX VACCINE ADSORBED, ADJUVANTED""",True; False,RXCUI:404894,True,False
DRUGBANK:DB09429,IODINATED I-125 ALBUMIN,FALSE,DRUGBANK:DB09429,True,False
PUBCHEM.COMPOUND:46214236,DOCETAXEL HYDRATE,FALSE,PUBCHEM.COMPOUND:46214236,False,False
PUBCHEM.COMPOUND:72562361,CEFTAROLINE FOSAMIL,FALSE,PUBCHEM.COMPOUND:72562361,False,False
UNII:G983HLV265,MAGNESIUM OXYBATE,FALSE,UNII:G983HLV265,False,False
DRUGBANK:DB13932,VORETIGENE NEPARVOVEC,FALSE,DRUGBANK:DB13932,True,True
DRUGBANK:DB17831,BEREMAGENE GEPERPAVEC-SVDT,FALSE,DRUGBANK:DB17831,True,False
PUBCHEM.COMPOUND:145948323,ELIGLUSTAT TARTRATE,FALSE,PUBCHEM.COMPOUND:145948323,False,False
RXCUI:1153736,ASPIRIN; HYDROCODONE,TRUE,RXCUI:1153736,True,False
RXCUI:1155345,BACITRACIN; LIDOCAINE; NEOMYCIN; POLYMYXIN B,TRUE,RXCUI:1155345,True,False
RXCUI:1162650,ENALAPRIL; HYDROCHLOROTHIAZIDE,TRUE,RXCUI:1162650,True,False
RXCUI:135097,DALFOPRISTIN; QUINUPRISTIN,TRUE,RXCUI:135097,True,False
RXCUI:218445,ATROPINE; MEPERIDINE; ATROPINE; DIFENOXIN,TRUE,RXCUI:218445,True,False
RXCUI:2556795,ESTRADIOL; NORETHISTERONE; RELUGOLIX; ELAGOLIX; ELAGOLIX; ESTRADIOL; NORETHINDRONE; ESTRADIOL; NORETHINDRONE; LEUPROLIDE; NORETHINDRONE; ESTRADIOL; NORETHINDRONE; RELUGOLIX; ETHINYL ESTRADIOL; FERROUS FUMARATE; NORETHINDRONE,TRUE,RXCUI:2556795,True,False
RXCUI:284780,HYDROCHLOROTHIAZIDE; TELMISARTAN,TRUE,RXCUI:284780,True,False
UNII:RWM8CCW8GP,OCTREOTIDE ACETATE; OCTREOTIDE; OCTREOTIDE ,FALSE,UNII:75R0U2568I,True,False
UNII:XJ6OT32M93,RUPATADINE FUMARATE,FALSE,UNII:XJ6OT32M93,False,False
PUBCHEM.COMPOUND:176168,LANTHANUM CARBONATE HYDRATE,FALSE,PUBCHEM.COMPOUND:176168,False,False
RXCUI:1152444,CETIRIZINE; PSEUDOEPHEDRINE,TRUE,RXCUI:1152444,True,False
RXCUI:1368399,ALOGLIPTIN; PIOGLITAZONE,TRUE,RXCUI:1368399,True,False
RXCUI:219111,HYDROXYAMPHETAMINE; TROPICAMIDE,TRUE,RXCUI:219111,True,False
RXCUI:377946,HYDROCORTISONE; PRAMOXINE,TRUE,RXCUI:374766,True,False
RXCUI:619052,FERROUS SULFATE; FOLIC ACID,TRUE,RXCUI:619052,True,False
UNII:FTK8U1GZNX,THIOGUANINE,FALSE,UNII:FTK8U1GZNX,False,False
DRUGBANK:DB18704,EFBEMALENOGRASTIM ALFA-VUXW,FALSE,DRUGBANK:DB18704,True,False
PUBCHEM.COMPOUND:129011830,CALCITONIN HUMAN,FALSE,PUBCHEM.COMPOUND:129011830,False,False
PUBCHEM.COMPOUND:22382900,AMPHETAMINE ASPARTATE,FALSE,PUBCHEM.COMPOUND:22382900,False,False
RXCUI:1153691,ANTAZOLINE; NAPHAZOLINE,TRUE,RXCUI:1153691,True,False
RXCUI:1162757,TRANDOLAPRIL; VERAPAMIL,TRUE,RXCUI:1162757,True,False
RXCUI:1547456,AMINO ACIDS; CALCIUM CHLORIDE; DEXTROSE; MAGNESIUM SULFATE; POTASSIUM CHLORIDE; SODIUM ACETATE; SODIUM GLYCEROPHOSPHATE; SOYBEAN OIL; AMINO ACIDS; MAGNESIUM ACETATE; PHOSPHORIC ACID; POTASSIUM ACETATE; SODIUM CHLORIDE; AMINO ACIDS; MAGNESIUM ACETATE; POTASSIUM ACETATE; SODIUM CHLORIDE; AMINO ACIDS; MAGNESIUM ACETATE; PHOSPHORIC ACID; POTASSIUM CHLORIDE; SODIUM ACETATE; SODIUM CHLORIDE; DEXTROSE; MAGNESIUM ACETATE; POTASSIUM ACETATE; SODIUM CHLORIDE; DEXTROSE; MAGNESIUM ACETATE TETRAHYDRATE; POTASSIUM ACETATE; SODIUM CHLORIDE; MAGNESIUM ACETATE TETRAHYDRATE; POTASSIUM ACETATE; SODIUM CHLORIDE; AMINO ACIDS; CALCIUM ACETATE; GLYCERIN; MAGNESIUM ACETATE; PHOSPHORIC ACID; POTASSIUM CHLORIDE; SODIUM ACETATE; SODIUM CHLORIDE; AMINO ACIDS; MAGNESIUM CHLORIDE; POTASSIUM ACETATE; POTASSIUM CHLORIDE; SODIUM ACETATE,TRUE,RXCUI:1547456,True,False
RXCUI:2587738,FINASTERIDE; TADALAFIL; MACITENTAN; TADALAFIL,TRUE,RXCUI:2587738,True,False
PUBCHEM.COMPOUND:24847974,AVOBENZONE; ECAMSULE; OCTOCRYLENE,TRUE,PUBCHEM.COMPOUND:24847974,False,False
PUBCHEM.COMPOUND:71680039,GLYCOPYRRONIUM TOSILATE HYDRATE,FALSE,PUBCHEM.COMPOUND:71680039,False,False
RXCUI:1011750,ALISKIREN; HYDROCHLOROTHIAZIDE,TRUE,RXCUI:1011750,True,False
RXCUI:1165308,IBUPROFEN; PHENYLEPHRINE,TRUE,RXCUI:1165308,True,False
RXCUI:2385345,CITRIC ACID; LACTIC ACID; POTASSIUM BITARTRATE,TRUE,RXCUI:2385345,True,False
RXCUI:2465553,MAGNESIUM SULFATE; POTASSIUM SULFATE; SODIUM SULFATE; MAGNESIUM SULFATE; POLYETHYLENE GLYCOL 3350; POTASSIUM CHLORIDE; POTASSIUM SULFATE; SODIUM BICARBONATE; SODIUM CHLORIDE; SODIUM SULFATE; MAGNESIUM SULFATE; POTASSIUM CHLORIDE; SODIUM SULFATE,TRUE,RXCUI:2465553,True,False
RXCUI:542509,BRINZOLAMIDE; TIMOLOL; BIMATOPROST; TIMOLOL; TIMOLOL; TRAVOPROST,TRUE,CHEBI:9599,True,True
RXCUI:648232,FLUOROMETHOLONE; TOBRAMYCIN,TRUE,RXCUI:648232,True,False
UNII:71WO621TJD,VANCOMYCIN HYDROCHLORIDE,FALSE,UNII:71WO621TJD,False,False
UNII:RBH995N496,MOMELOTINIB DIHYDROCHLORIDE,FALSE,UNII:RBH995N496,False,False
RXCUI:1155722,BROMPHENIRAMINE; DEXTROMETHORPHAN; PSEUDOEPHEDRINE,TRUE,RXCUI:1155722,True,False
RXCUI:1156888,GRAMICIDIN; NEOMYCIN; POLYMYXIN B,TRUE,RXCUI:1156888,True,False
RXCUI:1165179,ESTRADIOL; NORGESTIMATE,TRUE,RXCUI:1165179,True,False
RXCUI:1809047,OXYMETAZOLINE; TETRACAINE,TRUE,RXCUI:1809047,True,False
RXCUI:203388,PROCAINE MERETHOXYLLINE; THEOPHYLLINE; MERSALYL; THEOPHYLLINE,TRUE,CHEBI:28177,True,True
RXCUI:808677,DIPHENHYDRAMINE; PSEUDOEPHEDRINE,TRUE,RXCUI:808677,True,False
UNII:VQ723R7O8R,"""SUSOCTOCOG ALFA; FOLLITROPIN ALFA \U1CA2GENETICAL RECOMBINATION\U1CA3; DAMOCTOCOG ALFA PEGOL; EFANESOCTOCOG ALFA; SIMOCTOCOG ALFA; LONOCTOCOG ALFA; EFRALOCTOCOG ALFA; OCTOCOG ALFA; FOLLITROPIN ALFA; LUTROPIN ALFA; MOROCTOCOG ALFA; ANTIHEMOPHILIC FACTOR (HUMAN); ANTIHEMOPHILIC FACTOR/VON WILLEBRAND FACTOR  (HUMAN); ANTIHEMOPHILIC FACTOR (RECOMBINANT); ANTIHEMOPHILIC FACTOR (RECOMBINANT), PLASMA/ALBUMIN FREE METHOD; ANTIHEMOPHILIC FACTOR (RECOMBINANT), PLASMA/ALBUMIN FREE; ANTIHEMOPHILIC FACTOR (RECOMBINANT), FC FUSION PROTEIN; ANTIHEMOPHILIC FACTOR (RECOMBINANT), PORCINE SEQUENCE; ANTIHEMOPHILIC FACTOR (RECOMBINANT), PEGYLATED; ANTIHEMOPHILIC FACTOR (RECOMBINANT), FULL LENGTH; ANTIHEMOPHILIC FACTOR (RECOMBINANT), SINGLE CHAIN; ANTIHEMOPHILIC FACTOR (RECOMBINANT), PEGYLATED-AUCL; ANTIHEMOPHILIC FACTOR (RECOMBINANT), GLYCOPEGYLATED-EXEI; ANTIHEMOPHILIC FACTOR (RECOMBINANT), FC-VWF-XTEN FUSION PROTEIN-EHTL""",False; True,UNII:6892UQT2GK,True,False
CHEBI:32293,VERTEPORFIN,FALSE,CHEBI:32293,True,True
DRUGBANK:DB17287,DASIPROTIMUT-T,FALSE,DRUGBANK:DB17287,False,False
RXCUI:1160432,NYSTATIN; TRIAMCINOLONE ACETONIDE,TRUE,RXCUI:1160432,True,False
RXCUI:151293,HYDROCHLOROTHIAZIDE; QUINAPRIL,TRUE,RXCUI:151293,True,False
RXCUI:1656336,SACUBITRIL; VALSARTAN,TRUE,RXCUI:1656336,True,False
RXCUI:2119712,TRASTUZUMAB AND HYALURONIDASE-OYSK,FALSE,RXCUI:2119712,True,False
RXCUI:876077,CALCIUM CHLORIDE; POTASSIUM CHLORIDE; SODIUM CHLORIDE; SODIUM LACTATE; CALCIUM CHLORIDE; POTASSIUM CHLORIDE; SODIUM CHLORIDE,TRUE,RXCUI:876077,True,False
UNII:6P89T5M073,TAZEMETOSTAT HYDROBROMIDE,FALSE,UNII:6P89T5M073,False,False
CHEBI:60773,PORFIMER ,FALSE,CHEBI:60773,True,True
DRUGBANK:DB15706,CELL CULTURE-DERIVED INFLUENZA EMULSION HA VACCINES (PROTOTYPE); CELL CULTURE-DERIVED INFLUENZA EMULSION HA VACCINE (H5N; CELL CULTURE-DERIVED INFLUENZA VACCINES (PROTOTYPE); CELL CULTURE-DERIVED INFLUENZA VACCINE (H5N; ADSORBED CELL CULTURE- DERIVED INFLUENZA VACCINE (H5N; EMULSION-ADJUVANTED CELL-CULTURE DERIVED INFLUENZA HA VACCINE (H5N; EMULSION-ADJUVANTED CELL-CULTURE DERIVED INFLUENZA HA VACCINE (PROTOTYPE); VERO CELL DERIVED,FALSE,DRUGBANK:DB16902,True,False
RXCUI:2665904,BUDESONIDE; SALMETEROL; ALBUTEROL; BUDESONIDE,TRUE,RXCUI:2665904,True,False
RXCUI:371414,CHLORPHENIRAMINE; PSEUDOEPHEDRINE,TRUE,RXCUI:371414,True,False
RXCUI:705860,BISMUTH SUBCITRATE; METRONIDAZOLE; TETRACYCLINE; BISMUTH SUBSALICYLATE; METRONIDAZOLE; TETRACYCLINE,TRUE,RXCUI:705860,True,False
CHEBI:134703,FLUCICLOVINE (18F); FLUCICLOVINE F-18,FALSE,CHEBI:134703,True,True
DRUGBANK:DB09537,IODINE POVACRYLEX,FALSE,DRUGBANK:DB09537,True,False
PUBCHEM.COMPOUND:129627308,CLOPIDOGREL SULFATE,FALSE,PUBCHEM.COMPOUND:129627308,False,False
PUBCHEM.COMPOUND:6728941,CEFDITOREN PIVOXIL,FALSE,PUBCHEM.COMPOUND:6728941,False,False
RXCUI:1040052,DEXTROMETHORPHAN; QUINIDINE,TRUE,RXCUI:1040052,True,False
RXCUI:1153866,CHLOROTHIAZIDE; RESERPINE,TRUE,RXCUI:1153866,True,False
RXCUI:2118728,ACETAMINOPHEN; BENZHYDROCODONE,TRUE,RXCUI:2118728,True,False
RXCUI:730982,CHLORPHENIRAMINE POLISTIREX; HYDROCODONE POLISTIREX,FALSE,RXCUI:730982,True,False
CHEBI:6822,METHAZOLAMIDE,FALSE,CHEBI:6822,True,True
RXCUI:372008,DILTIAZEM MALATE; ENALAPRIL,TRUE,RXCUI:372008,True,False
UNII:QHO02LZ4H2,CHROMIC  P-32,FALSE,UNII:QHO02LZ4H2,False,False
CHEBI:85196,PERAMIVIR,FALSE,CHEBI:85196,True,True
PUBCHEM.COMPOUND:338288,ERROR; Error,FALSE,PUBCHEM.COMPOUND:338288,False,False
PUBCHEM.COMPOUND:54676538,MECLOCYCLINE SULFOSALICYLATE,FALSE,PUBCHEM.COMPOUND:54676538,False,False
PUBCHEM.COMPOUND:9800288,METOPROLOL SUCCINATE,FALSE,PUBCHEM.COMPOUND:9800288,False,False
RXCUI:2670458,HEPARIN; TAUROLIDINE,TRUE,RXCUI:2670458,True,False
RXCUI:722125,AMLODIPINE BESILATE; HYDROCHLOROTHIAZIDE; VALSARTAN; AMLODIPINE; HYDROCHLOROTHIAZIDE; VALSARTAN; AMLODIPINE; VALSARTAN,TRUE,RXCUI:722125,True,False
RXCUI:801721,"""FREEZE-DRIED INACTIVATED  TISSUE CULTURE RABIES VACCINE; ADSORBED DIPHTHERIA- PURIFIED PERTUSSIS- TETANUS-INACTIVATED POLIO (SALK VACCINE) COMBINED VACCINE; INACTIVATED POLIOMYELITIS VACCINE (SALK VACCINE); ADSORBED DIPHTHERIA- PURIFIED PERTUSSIS-TETANUS- INACTIVATED POLIO (SABIN STRAIN) COMBINED VACCINE; CHOLERA VACCINE (INACTIVATED, ORAL); ADJUVANTED); INACTIVATED; PREPANDEMIC INFLUENZA VACCINE (H5N1) (SPLIT VIRION; INACTIVATED; PREPANDEMIC INFLUENZA VACCINE (H5N1) (WHOLE VIRION; PREPARED IN CELL CULTURE); INACTIVATED); INFLUENZA VACCINE (SPLIT VIRION; ADSORBED; PNEUMOCOCCAL SACCHARIDE CONJUGATED VACCINE; INACTIVATED); INFLUENZA VACCINE (H1N1)V (WHOLE VIRION; VERO CELL DERIVED; ADJUVANTED); INACTIVATED; INFLUENZA VACCINE (H1N1)V (SPLIT VIRION; ADJUVANTED); INACTIVATED; PREPANDEMIC INFLUENZA VACCINE (H5N1) (SURFACE ANTIGEN; ADJUVANTED); INACTIVATED; INFLUENZA VACCINE H1N1V (SURFACE ANTIGEN; DIPHTHERIA (D); HEPATITIS B (RDNA) (HBV) VACCINE (ADSORBED); PERTUSSIS (WHOLE CELL) (PW); TETANUS (T); COMPONENT) (PA); DIPHTHERIA (D); HEPATITIS B (RDNA) (HBV); PERTUSSIS (ACELLULAR; POLIOMYELITIS (INACTIVATED) (IPV) VACCINE (ADSORBED); TETANUS (T); ADJUVANTED); INACTIVATED; PANDEMIC INFLUENZA VACCINE (WHOLE VIRION; ACELLULAR PERTUSSIS; ADJUVANTED; DIPHTHERIA; HAEMOPHILUS INFLUENZAE TYPE B CONJUGATE VACCINE; HEPATITIS\\XA0B (RECOMBINANT); INACTIVATED POLIOMYELITIS; TETANUS; ADJUVANTED); INACTIVATED; PANDEMIC INFLUENZA VACCINE (H1N1)V (SPLIT VIRION; ADJUVANTED); INACTIVATED; PANDEMIC INFLUENZA VACCINE (H1N1) (SPLIT VIRION; DIPHTHERIA; HAEMOPHILUS INFLUENZAE TYPE\\XA0B CONJUGATE VACCINE (ABSORBED); HEPATITIS B (RDNA); PERTUSSIS (WHOLE CELL); TETANUS; ACELLULAR PERTUSSIS; ADSORBED VACCINE; DIPHTHERIA; HEPATITIS B RECOMBINANT; TETANUS; COMPONENT) VACCINE (ADSORBED); DIPHTHERIA; PERTUSSIS (ACELLULAR; TETANUS; DIPHTHERIA; HEPATITIS B (RDNA) VACCINE (ADSORBED); TETANUS; POLIOMYELITIS (INACTIVATED) (IPV) VACCINE (ADSORBED); POLIOVIRUS VACCINE INACTIVATED; POLIOVIRUS VACCINE INACTIVATED (HUMAN DIPLOID CELL); DIPHTHERIA AND TETANUS TOXOIDS AND ACELLULAR PERTUSSIS ADSORBED AND INACTIVATED POLIOVIRUS VACCINE; DIPHTHERIA AND TETANUS TOXOIDS AND ACELLULAR PERTUSSIS, INACTIVATED POLIOVIRUS, HAEMOPHILUS B CONJUGATE AND HEPATITIS B VACCINE""",False; True,RXCUI:801721,True,False
RXCUI:835851,MENTHOL; METHYL SALICYLATE,TRUE,RXCUI:283224,True,False
UNII:75JR975T11,IOXAGLATE MEGLUMINE,FALSE,UNII:75JR975T11,False,False
UNII:XI776WYU0N, CHROMATE CR-51,FALSE,UNII:XI776WYU0N,True,False
DRUGBANK:DB15572,EXAGAMGLOGENE AUTOTEMCEL,FALSE,DRUGBANK:DB15572,True,True
RXCUI:1162127,HYDROCHLOROTHIAZIDE; LOSARTAN,TRUE,RXCUI:1162127,True,False
RXCUI:1368383,ALOGLIPTIN; METFORMIN,TRUE,RXCUI:1368383,True,False
RXCUI:1939325,SOFOSBUVIR; VELPATASVIR; VOXILAPREVIR,TRUE,RXCUI:1939325,True,False
UNII:0J4C69C6FB,MONTEPLASE,FALSE,UNII:0J4C69C6FB,False,False
UNII:283TUU52FG,DEXTROAMPHETAMINE SACCHARATE,FALSE,UNII:283TUU52FG,False,False
UNII:2O4BE0K238,VOLANESORSEN,FALSE,UNII:2O4BE0K238,True,True
UNII:H0982HF78B,PRIMAQUINE PHOSPHATE,FALSE,UNII:H0982HF78B,False,False
DRUGBANK:DB09430,IODINATED I-131 ALBUMIN,FALSE,DRUGBANK:DB09430,True,False
RXCUI:1151608,AMILORIDE; HYDROCHLOROTHIAZIDE,TRUE,RXCUI:1151608,True,False
RXCUI:1152398,CAFFEINE; ERGOTAMINE,TRUE,RXCUI:1152398,True,False
RXCUI:1162789,HYDROCODONE; IBUPROFEN,TRUE,RXCUI:1162789,True,False
RXCUI:1655050,HUMAN FIBRINOGEN; HUMAN THROMBIN; HUMAN THROMBIN,True; False,RXCUI:1655050,True,False
RXCUI:203477,CHLORTHALIDONE; RESERPINE; BETAXOLOL; CHLORTHALIDONE,TRUE,CHEBI:3654,True,True
RXCUI:216319,CITRIC ACID; UREA C-13,TRUE,RXCUI:216319,True,False
RXCUI:21659,HYDROCORTISONE; POLYMYXIN B; ACETIC ACID; GLACIAL; HYDROCORTISONE; NEOMYCIN,TRUE,RXCUI:21659,True,False
UNII:8GYE97TPKI,LASCUFLOXACIN HYDROCHLORIDE,FALSE,UNII:8GYE97TPKI,False,False
UNII:U0E93N6V2A,CYANOCOBALAMIN CO-58,FALSE,UNII:U0E93N6V2A,False,False
MESH:D010931,PLAGUE VACCINE,FALSE,MESH:D010931,False,False
PUBCHEM.COMPOUND:145945107,GADOXETATE SODIUM,FALSE,PUBCHEM.COMPOUND:145945107,False,False
RXCUI:2393794,OXYBATE; OXYBATE; OXYBATE; OXYBATE,TRUE,RXCUI:2393794,True,False
RXCUI:2606075,ANDUSOMERAN; COVID-19 MRNA VACCINE; DAVESOMERAN; ELASOMERAN; ELASOMERAN; ELASOMERAN; IMELASOMERAN; COVID-19 MRNA VACCINE (NUCLEOSIDE MODIFIED); FAMTOZINAMERAN; RILTOZINAMERAN; TOZINAMERAN; TOZINAMERAN; TOZINAMERAN,TRUE,RXCUI:2606075,True,False
RXCUI:374458,EPINEPHRINE; ETIDOCAINE,TRUE,RXCUI:374458,True,False
RXCUI:374806,HYDROCORTISONE; NEOMYCIN; POLYMYXIN B; HYDROCORTISONE; NEOMYCIN; NEOMYCIN; POLYMYXIN B; BACITRACIN; HYDROCORTISONE; NEOMYCIN; POLYMYXIN B,TRUE,RXCUI:374806,True,False
RXCUI:866851,CHLORPHENIRAMINE; PHENYLPROPANOLAMINE; CHLORPHENIRAMINE; CODEINE,TRUE,RXCUI:866851,True,False
UNII:538316W9ZU,BESILESOMAB,FALSE,UNII:538316W9ZU,False,True
UNII:C2E1CI501T,MAGNESIUM TRISILICATE,FALSE,UNII:C2E1CI501T,True,False
UNII:KDN276D83N,IOTHALAMATE SODIUM,FALSE,UNII:KDN276D83N,False,False
CHEBI:575568,ATOVAQUONE,FALSE,CHEBI:575568,True,True
PUBCHEM.COMPOUND:6440720,(COMBINATION DRUG),FALSE,PUBCHEM.COMPOUND:6440720,False,False
RXCUI:1161287,EFAVIRENZ; EMTRICITABINE; TENOFOVIR DISOPROXIL,TRUE,RXCUI:1161287,True,False
RXCUI:1162131,HYDROCHLOROTHIAZIDE; METHYLDOPA,TRUE,RXCUI:1162131,True,False
RXCUI:92290,CYCLOPENTOLATE; PHENYLEPHRINE,TRUE,RXCUI:92290,True,False
CHEBI:31300,BOSENTAN HYDRATE,FALSE,CHEBI:31300,False,True
MESH:C520497,SODIUM ASCORBATE,FALSE,MESH:C520497,True,False
PUBCHEM.COMPOUND:135430945,CALCIUM FOLINATE,FALSE,PUBCHEM.COMPOUND:135430945,False,False
RXCUI:1156977,NALOXONE; PENTAZOCINE,TRUE,RXCUI:1156977,True,False
RXCUI:1536581,ETHINYL ESTRADIOL; NORELGESTROMIN,TRUE,RXCUI:1157362,True,False
RXCUI:2386036,BUDESONIDE; FORMOTEROL; GLYCOPYRRONIUM; BUDESONIDE; FORMOTEROL; BUDESONIDE; FORMOTEROL; GLYCOPYRROLATE,TRUE,RXCUI:2386036,True,False
RXCUI:284904,ABACAVIR (AS SULFATE); LAMIVUDINE; ZIDOVUDINE; ABACAVIR; LAMIVUDINE; ABACAVIR; LAMIVUDINE; ZIDOVUDINE,TRUE,RXCUI:284904,True,False
RXCUI:378027,PIPERONYL BUTOXIDE; PYRETHRINS,TRUE,RXCUI:378027,True,False
UMLS:C0002340,ALSEROXYLON,FALSE,UMLS:C0002340,True,False
UNII:Y9DL7QPE6B,PSEUDOEPHEDRINE SULFATE,FALSE,CHEBI:51209,True,True
PUBCHEM.COMPOUND:441410,LEUPRORELIN ACETATE; LEUPRORELIN,FALSE,PUBCHEM.COMPOUND:441410,False,False
RXCUI:1155349,BACITRACIN; NEOMYCIN; POLYMYXIN B,TRUE,RXCUI:1155349,True,False
RXCUI:1870656,GENTAMICIN; PREDNISOLONE,TRUE,RXCUI:1870656,True,False
RXCUI:451784,SULFADIAZINE; SULFAMERAZINE,TRUE,RXCUI:451784,True,False
UNII:7FX481V180,ACETYLSALICYLIC ACID,FALSE,UNII:7FX481V180,False,False
UNII:MG4KI49HHJ,TECHNETIUM TC-99M OXIDRONATE KIT,FALSE,UNII:MG4KI49HHJ,False,False
UNII:O77D636VYN,PROCAINE MERETHOXYLLINE,FALSE,UNII:O77D636VYN,False,False
UNII:QC4G8XS0H0,FOSRAVUCONAZOLE L- LYSINE ETHANOLATE,FALSE,UNII:QC4G8XS0H0,False,False
RXCUI:1152284,AMLODIPINE; BENAZEPRIL,TRUE,RXCUI:1152284,True,False
RXCUI:1160795,DUTASTERIDE; TAMSULOSIN,TRUE,RXCUI:1160795,True,False
RXCUI:1421448,BRIMONIDINE; BRINZOLAMIDE,TRUE,RXCUI:1421448,True,False
RXCUI:1540231,KETOROLAC; PHENYLEPHRINE; KETOROLAC TROMETHAMINE; PHENYLEPHRINE,TRUE,RXCUI:1540231,True,False
RXCUI:216063,CIPROFLOXACIN; HYDROCORTISONE,TRUE,RXCUI:216063,True,False
RXCUI:2588476,CELECOXIB; TRAMADOL,TRUE,RXCUI:2588476,True,False
RXCUI:2654824,PENICILLIN G BENZATHINE; PENICILLIN G PROCAINE,TRUE,CHEBI:7963,True,True
RXCUI:374757,ASPIRIN; CAFFEINE; DIHYDROCODEINE,TRUE,RXCUI:374757,True,False
RXCUI:596702,"""MENINGOCOCCAL (GROUPS A, C, Y AND W-135) POLYSACCHARIDE DIPHTHERIA TOXOID CONJUGATE VACCINE""",FALSE,RXCUI:596702,True,False
RXCUI:863844,MORPHINE; NALTREXONE,TRUE,RXCUI:863844,True,False
UNII:8W24SYD6ZI,CALCIUM OXYBATE,FALSE,UNII:8W24SYD6ZI,False,False
UNII:92VV7G83ED,"""BOTULISM ANTITOXIN HEPTAVALENT (A, B, C, D, E, F, G) - (EQUINE); CROTALIDAE IMMUNE F(AB')2 (EQUINE)""",FALSE,UNII:92VV7G83ED,True,False
PUBCHEM.COMPOUND:77846377,TECHNETIUM TC-99M SUCCIMER,FALSE,PUBCHEM.COMPOUND:77846377,False,False
RXCUI:1155751,CAPTOPRIL; HYDROCHLOROTHIAZIDE,TRUE,RXCUI:1155751,True,False
RXCUI:1651267,OLODATEROL; TIOTROPIUM,TRUE,RXCUI:1651267,True,False
RXCUI:2539039,DROSPIRENONE; ESTETROL,TRUE,RXCUI:2539039,True,False
RXCUI:2645243,ABIRATERONE; NIRAPARIB,TRUE,RXCUI:2645243,True,False
RXCUI:806391,CALCIUM CHLORIDE; POTASSIUM CHLORIDE; SODIUM ACETATE; SODIUM CHLORIDE; CALCIUM CHLORIDE; DEXTROSE; POTASSIUM CHLORIDE; SODIUM ACETATE; SODIUM CHLORIDE; CALCIUM CHLORIDE; DEXTROSE; MAGNESIUM CHLORIDE; POTASSIUM CHLORIDE; SODIUM ACETATE; SODIUM CHLORIDE; SODIUM CITRATE; CALCIUM CHLORIDE; MAGNESIUM CHLORIDE; POTASSIUM CHLORIDE; SODIUM ACETATE; SODIUM CHLORIDE; SODIUM CITRATE; DEXTROSE; MAGNESIUM CHLORIDE; POTASSIUM CHLORIDE; SODIUM ACETATE; SODIUM CHLORIDE; CALCIUM CHLORIDE; DEXTROSE; MAGNESIUM CHLORIDE; POTASSIUM CHLORIDE; SODIUM ACETATE; SODIUM CHLORIDE; DEXTROSE; GLUCONATE; MAGNESIUM CHLORIDE; POTASSIUM CHLORIDE; SODIUM ACETATE; SODIUM CHLORIDE; GLUCONATE; MAGNESIUM CHLORIDE; POTASSIUM CHLORIDE; SODIUM ACETATE; SODIUM CHLORIDE; CALCIUM CHLORIDE; MAGNESIUM CHLORIDE; POTASSIUM CHLORIDE; SODIUM BICARBONATE; SODIUM CHLORIDE; SODIUM PHOSPHATE; CALCIUM CHLORIDE; DEXTROSE; MAGNESIUM CHLORIDE; POTASSIUM CHLORIDE; SODIUM ACETATE; SODIUM CHLORIDE; SODIUM LACTATE; CALCIUM CHLORIDE; DEXTROSE; LACTIC ACID; MAGNESIUM CHLORIDE; POTASSIUM CHLORIDE; SODIUM BICARBONATE; SODIUM CHLORIDE; CALCIUM CHLORIDE; MAGNESIUM CHLORIDE; POTASSIUM CHLORIDE; SODIUM ACETATE; SODIUM CHLORIDE; CALCIUM CHLORIDE; DEXTROSE; MAGNESIUM CHLORIDE; SODIUM CHLORIDE; SODIUM LACTATE; CALCIUM CHLORIDE; DEXTROSE; MAGNESIUM CHLORIDE; SODIUM ACETATE; SODIUM CHLORIDE; CALCIUM CHLORIDE; DEXTROSE; SODIUM CHLORIDE; SODIUM LACTATE; CALCIUM CHLORIDE; DEXTROSE; GLUTATHIONE; MAGNESIUM CHLORIDE; POTASSIUM CHLORIDE; SODIUM BICARBONATE; SODIUM CHLORIDE; SODIUM PHOSPHATE; CALCIUM CHLORIDE; DEXTROSE; MAGNESIUM CHLORIDE; OXIGLUTATIONE; POTASSIUM CHLORIDE; SODIUM BICARBONATE; SODIUM CHLORIDE; SODIUM PHOSPHATE; CALCIUM CHLORIDE; MAGNESIUM CHLORIDE; POTASSIUM CHLORIDE; SODIUM CHLORIDE,TRUE,RXCUI:806391,True,False
UNII:E377MF8EQ8,TRIMETHOPRIM SULFATE,FALSE,UNII:E377MF8EQ8,False,False
DRUGBANK:DB10342,"""HAEMOPHILUS\\XA0B CONJUGATE (MENINGOCOCCAL PROTEIN CONJUGATE); HAEMOPHILUS B CONJUGATE VACCINE (MENINGOCOCCAL PROTEIN CONJUGATE); MENINGOCOCCAL (GROUPS A, C, Y, W) CONJUGATE VACCINE; MENINGOCOCCAL GROUPS A, B, C, W AND Y VACCINE""",FALSE,DRUGBANK:DB10342,True,False
RXCUI:2668195,BENZOYL PEROXIDE; CLINDAMYCIN; ADAPALENE; BENZOYL PEROXIDE; CLINDAMYCIN,TRUE,RXCUI:2668195,True,False
RXCUI:646817,AMINOHIPPURATE ,FALSE,RXCUI:646817,True,False
UMLS:C5787321,ZAPOMERAN,FALSE,UMLS:C5787321,False,False
DRUGBANK:DB10724,BIRCH TRITERPENES,FALSE,DRUGBANK:DB10724,True,False
PUBCHEM.COMPOUND:584547,METHYLPREDNISOLONE ACETATE,FALSE,PUBCHEM.COMPOUND:584547,False,False
RXCUI:1154504,CHLORPHENIRAMINE; HYDROCODONE; PSEUDOEPHEDRINE,TRUE,RXCUI:1154504,True,False
RXCUI:1156047,BROMPHENIRAMINE; PSEUDOEPHEDRINE,TRUE,RXCUI:1156047,True,False
RXCUI:1437811,NONACOG ALFA; NONACOG GAMMA,FALSE,UNII:A57KX1VL5P,True,True
RXCUI:203439,FREEZE-DRIED INACTIVATED TISSUE CULTURE HEPATITIS A VACCINE; HEPATITIS B (RDNA) (HAB) VACCINE (ADSORBED); HEPATITIS\\XA0A (INACTIVATED); ADSORBED); HEPATITIS\\XA0B (RDNA) VACCINE (ADJUVANTED; HEPATITIS\\XA0A (INACTIVATED); HEPATITIS A VACCINE INACTIVATED; HEPATITIS A & HEPATITIS B (RECOMBINANT) VACCINE,False; True,RXCUI:203439,True,False
RXCUI:2262022,AMOXICILLIN; OMEPRAZOLE; RIFABUTIN; AMOXICILLIN; CLARITHROMYCIN; OMEPRAZOLE,TRUE,RXCUI:2262022,True,False
RXCUI:2611258,BUPROPION; DEXTROMETHORPHAN,TRUE,RXCUI:2611258,True,False
RXCUI:2637040,GLYCOPYRRONIUM; GLYCOPYRRONIUM ; GLYCOPYRROLATE; NEOSTIGMINE,False; True,RXCUI:2637040,True,False
RXCUI:763604,POLYETHYLENE GLYCOL 3350; POTASSIUM CHLORIDE; SODIUM BICARBONATE; SODIUM CHLORIDE,TRUE,RXCUI:41656,True,False
RXCUI:1162647,ENALAPRIL; FELODIPINE,TRUE,RXCUI:1162647,True,False
RXCUI:1305198,ASCORBIC ACID; BIOTIN; CYANOCOBALAMIN; DEXPANTHENOL; ERGOCALCIFEROL; FOLIC ACID; NIACINAMIDE; PHYTONADIONE; PYRIDOXINE; RIBOFLAVIN 5'-PHOSPHATE; THIAMINE; VITAMIN A; VITAMIN E; ASCORBIC ACID; BIOTIN; CYANOCOBALAMIN; DEXPANTHENOL; ERGOCALCIFEROL; FOLIC ACID; NIACINAMIDE; PYRIDOXINE; RIBOFLAVIN 5'-PHOSPHATE; THIAMINE; VITAMIN A PALMITATE; VITAMIN E; ASCORBIC ACID; BIOTIN; CYANOCOBALAMIN; DEXPANTHENOL; ERGOCALCIFEROL; FOLIC ACID; NIACINAMIDE; PYRIDOXINE; RIBOFLAVIN 5'-PHOSPHATE; THIAMINE; VITAMIN A; VITAMIN E; ASCORBIC ACID; BIOTIN; CYANOCOBALAMIN; DEXPANTHENOL; ERGOCALCIFEROL; FOLIC ACID; NIACINAMIDE; PYRIDOXINE; RIBOFLAVIN; THIAMINE; VITAMIN A; VITAMIN E; ASCORBIC ACID; BIOTIN; CYANOCOBALAMIN; ERGOCALCIFEROL; FOLIC ACID; NIACINAMIDE; PANTOTHENIC ACID; PHYTONADIONE; PYRIDOXINE; RIBOFLAVIN; THIAMINE; VITAMIN A PALMITATE; VITAMIN E; ASCORBIC ACID; BIOTIN; CHOLECALCIFEROL; CYANOCOBALAMIN; DEXPANTHENOL; FOLIC ACID; NIACINAMIDE; PYRIDOXINE; RIBOFLAVIN; THIAMINE; TOCOPHEROL; VITAMIN A; VITAMIN K; ASCORBIC ACID; BIOTIN; CYANOCOBALAMIN; DEXPANTHENOL; ERGOCALCIFEROL; FOLIC ACID; NIACINAMIDE; PYRIDOXINE; RIBOFLAVIN 5'-PHOSPHATE; THIAMINE; VITAMIN A; VITAMIN E; VITAMIN K; ALPHA-TOCOPHEROL; ASCORBIC ACID; BIOTIN; CHOLECALCIFEROL; CYANOCOBALAMIN; DEXPANTHENOL; FOLIC ACID; NIACINAMIDE; PYRIDOXINE; RIBOFLAVIN 5'-PHOSPHATE; THIAMINE; VITAMIN A PALMITATE; VITAMIN K,TRUE,RXCUI:1305198,True,False
RXCUI:2645494,DEXAMETHASONE; LIDOCAINE,TRUE,RXCUI:2645494,True,False
RXCUI:2649539,ESTRADIOL CYPIONATE; TESTOSTERONE CYPIONATE,TRUE,RXCUI:2649539,True,False
RXCUI:372890,CHLORTHALIDONE; METOPROLOL; HYDROCHLOROTHIAZIDE; METOPROLOL,TRUE,RXCUI:372890,True,False
RXCUI:393355,BETAMETHASONE; CALCIPOTRIENE; BETAMETHASONE; BETAMETHASONE,TRUE,RXCUI:393355,True,False
UMLS:C5222001,PROTEIN HYDROLYSATE,FALSE,UMLS:C5222001,True,False
MESH:D000090984,COVID-19 VACCINE (AD26.COV2-S [RECOMBINANT]),FALSE,MESH:D000090984,True,False
PUBCHEM.COMPOUND:22887897,LISINOPRIL HYDRATE,FALSE,PUBCHEM.COMPOUND:22887897,False,False
UNII:276IR313A5,BECLOMETASONE,FALSE,UNII:276IR313A5,False,False
UNII:3T25U84H4U,TELOTRISTAT ETIPRATE,FALSE,UNII:3T25U84H4U,False,False
CHEMBL.COMPOUND:CHEMBL2109036,IGOVOMAB,FALSE,CHEMBL.COMPOUND:CHEMBL2109036,False,False
MESH:D022681,DTAP & HEPATITIS B (RECOMBINANT) & INACTIVATED POLIO VIRUS VACCINE,FALSE,MESH:D022681,False,False
RXCUI:1152251,ACETAMINOPHEN; BUTALBITAL; CAFFEINE; CODEINE,TRUE,RXCUI:1152251,True,False
RXCUI:1160006,BENAZEPRIL; HYDROCHLOROTHIAZIDE,TRUE,RXCUI:1160006,True,False
RXCUI:2264367,FIBRIN SEALANT (HUMAN); FIBRIN SEALANT PATCH,FALSE,UNII:SCK81AMR7R,True,True
RXCUI:2624743,"""EBOLA ZAIRE VACCINE (RVSV\\U2206G-ZEBOV-GP; LIVE); EBOLA ZAIRE VACCINE (RVSV\\U2206G-ZEBOV-GP; EBOLA ZAIRE VACCINE, LIVE""",True; False,RXCUI:2624743,True,False
RXCUI:2660761,ACETAMINOPHEN; ASPIRIN; CODEINE,TRUE,RXCUI:2660761,True,False
RXCUI:74170,PIPERACILLIN; TAZOBACTAM,TRUE,RXCUI:74170,True,False
UNII:WLT3PF2KX0,AIR POLYMER-TYPE A,FALSE,UNII:WLT3PF2KX0,False,True
CHEMBL.COMPOUND:CHEMBL4298180,DARVADSTROCEL,FALSE,CHEMBL.COMPOUND:CHEMBL4298180,False,False
DRUGBANK:DB10784,"""MENINGOCOCCAL GROUP B VACCINE (RECOMBINANT, ADSORBED); MENINGOCOCCAL GROUP B VACCINE (RDNA, COMPONENT, ADSORBED); MENINGOCOCCAL GROUP B VACCINE""",FALSE,DRUGBANK:DB10784,True,False
RXCUI:1942744,CYTARABINE; DAUNORUBICIN,TRUE,RXCUI:1942744,True,False
UNII:5O7IW35N3C,PROPOXYPHENE NAPSYLATE,FALSE,UNII:5O7IW35N3C,False,False
RXCUI:1151903,ACETAMINOPHEN; PENTAZOCINE,TRUE,RXCUI:1151903,True,False
RXCUI:1545899,NALOXONE; OXYCODONE,TRUE,RXCUI:1545899,True,False
RXCUI:2560233,BUPIVACAINE; MELOXICAM,TRUE,RXCUI:2560233,True,False
RXCUI:2611243,ATORVASTATIN; EZETIMIBE,TRUE,RXCUI:1422082,True,False
RXCUI:376076,PHENYLEPHRINE; PROMETHAZINE; CODEINE; PHENYLEPHRINE; PROMETHAZINE,TRUE,RXCUI:376076,True,False
RXCUI:493191,"""ROTAVIRUS VACCINE, LIVE; ROTAVIRUS VACCINE, LIVE, ORAL, ; ROTAVIRUS VACCINE, LIVE, ORAL""",FALSE,RXCUI:493191,True,False
RXCUI:800807,AMINO ACIDS; DIBASIC; MAGNESIUM CHLORIDE; POTASSIUM CHLORIDE; POTASSIUM PHOSPHATE; SODIUM CHLORIDE; AMINO ACIDS; DIBASIC; HEPTAHYDRATE; MAGNESIUM ACETATE; POTASSIUM ACETATE; SODIUM CHLORIDE; SODIUM PHOSPHATE; AMINO ACIDS; DEXTROSE; DIBASIC; MAGNESIUM CHLORIDE; POTASSIUM CHLORIDE; POTASSIUM PHOSPHATE; SODIUM CHLORIDE; AMINO ACIDS; DEXTROSE; DIBASIC; MAGNESIUM CHLORIDE; POTASSIUM ACETATE; POTASSIUM CHLORIDE; POTASSIUM PHOSPHATE; SODIUM CHLORIDE; AMINO ACIDS; CALCIUM CHLORIDE; DEXTROSE; DIBASIC; MAGNESIUM CHLORIDE; POTASSIUM PHOSPHATE; SODIUM ACETATE; SODIUM CHLORIDE; DEXTROSE; DIBASIC; POTASSIUM CHLORIDE; POTASSIUM PHOSPHATE; SODIUM ACETATE; SODIUM CHLORIDE; DEXTROSE; DIBASIC; MAGNESIUM CHLORIDE; POTASSIUM CHLORIDE; POTASSIUM PHOSPHATE; SODIUM ACETATE; AMINO ACIDS; DEXTROSE; DIBASIC; MAGNESIUM CHLORIDE; POTASSIUM PHOSPHATE; SODIUM ACETATE; SODIUM CHLORIDE; AMINO ACIDS; DIBASIC; MAGNESIUM CHLORIDE; POTASSIUM PHOSPHATE; SODIUM ACETATE; SODIUM CHLORIDE,TRUE,RXCUI:800807,True,False
RXCUI:866126,CODEINE; PSEUDOEPHEDRINE; TRIPROLIDINE; GUAIFENESIN; PSEUDOEPHEDRINE,TRUE,RXCUI:866126,True,False
UNII:X0Q6N9USOZ,FONDAPARINUX SODIUM,FALSE,UNII:X0Q6N9USOZ,False,False
CHEBI:4392,DEMECLOCYCLINE ,FALSE,CHEBI:4392,True,True
DRUGBANK:DB17695,HUMAN HETEROLOGOUS LIVER CELLS,FALSE,DRUGBANK:DB17695,False,False
DRUGBANK:DB18701,"""CHIKUNGUNYA VACCINE, LIVE""",FALSE,DRUGBANK:DB18701,True,False
PUBCHEM.COMPOUND:146159467,COLECALCIFEROL,FALSE,PUBCHEM.COMPOUND:146159467,False,False
RXCUI:1602106,EMPAGLIFLOZIN; LINAGLIPTIN,TRUE,RXCUI:1602106,True,False
RXCUI:2184139,CILASTATIN; IMIPENEM; RELEBACTAM; CILASTATIN; IMIPENEM,TRUE,RXCUI:2184139,True,False
RXCUI:483322,IBUPROFEN; OXYCODONE,TRUE,RXCUI:483322,True,False
UNII:P0R64C4CR9,PIXANTRONE DIMALEATE,FALSE,UNII:P0R64C4CR9,False,False
RXCUI:1163093,BRIMONIDINE; TIMOLOL,TRUE,RXCUI:1163093,True,False
RXCUI:144254,ACETAMINOPHEN; HYDROCODONE; HYDROCODONE; PHENYLPROPANOLAMINE,TRUE,CHEBI:5779,True,True
RXCUI:1591939,LEDISPAVIR; SOFOSBUVIR; LEDIPASVIR; SOFOSBUVIR,TRUE,RXCUI:1591939,True,False
RXCUI:1798281,NEBIVOLOL; VALSARTAN,TRUE,RXCUI:1798281,True,False
RXCUI:216066,EPINEPHRINE; PRILOCAINE,TRUE,RXCUI:216066,True,False
RXCUI:2636536,FECAL MICROBIOTA SPORES,FALSE,RXCUI:2636536,True,False
UNII:7389YR3OOV,SAMARIUM SM-153 LEXIDRONAM PENTASODIUM,FALSE,UNII:7389YR3OOV,False,False
UNII:H1FKG90039,TREPROSTINIL DIOLAMINE,FALSE,UNII:H1FKG90039,False,False
UNII:IHB5WLO51Q,ARTENIMOL; PIPERAQUINE TETRAPHOSPHATE; PIPERAQUINE TETRAPHOSPHATE,True; False,UNII:IHB5WLO51Q,False,False
UNII:K2CJI135MU,IRON (III) HEXACYANOFERRATE (II),FALSE,UNII:K2CJI135MU,False,False
DRUGBANK:DB18714,"""RECOMBINANT RESPIRATORY SYNCYTIAL VIRUS PREF3 ANTIGEN; RESPIRATORY SYNCYTIAL VIRUS-A PREFUSION F PROTEIN RESPIRATORY SYNCYTIAL VIRUS-B PREFUSION F PROTEIN; RESPIRATORY SYNCYTIAL VIRUS VACCINE (BIVALENT, RECOMBINANT); RECOMBINANT RESPIRATORY SYNCYTIAL VIRUS PRE-FUSION F PROTEIN, ADJUVANTED WITH AS01E; ADJUVANTED); ADJUVANTED; RESPIRATORY SYNCYTIAL VIRUS VACCINE""",FALSE,DRUGBANK:DB18713,True,False
RXCUI:2205092,ACLIDINIUM; FORMOTEROL,TRUE,RXCUI:2205092,True,False
RXCUI:261542,INSULIN LISPRO; INSULIN LISPRO PROTAMINE AND INSULIN LISPRO,FALSE,RXCUI:261542,True,False
RXCUI:2670556,"""MENINGOCOCCAL GROUPS A, C, W-135 AND Y CONJUGATE VACCINE; MENINGOCOCCAL GROUP A, C, W-135 AND Y CONJUGATE VACCINE; HAEMOPHILUS\\XA0B CONJUGATE (MENINGOCOCCAL PROTEIN CONJUGATE); HEPATITIS B (RECOMBINANT) VACCINE""",False; True,RXCUI:2670556,True,False
UNII:0EWG668W17,PHENAZOPYRIDINE HYDROCHLORIDE,FALSE,UNII:0EWG668W17,False,False
UNII:PPP8783IQ1,TECHNETIUM TC-99M  PERTECHNETATE,FALSE,UNII:PPP8783IQ1,False,False
RXCUI:1367006,ALENDRONIC ACID; COLECALCIFEROL,TRUE,RXCUI:1367006,True,False
RXCUI:1484959,"""PROTHROMBIN  CONCENTRATE, HUMAN-LANS""",FALSE,RXCUI:1484959,True,False
RXCUI:2003247,LAMIVUDINE; TENOFOVIR DISOPROXIL,TRUE,RXCUI:2003247,True,False
RXCUI:2461437,"""ATOLTIVIMAB, MAFTIVIMAB, AND ODESIVIMAB-EBGN""",FALSE,RXCUI:2461437,True,False
RXCUI:2661008,ASPIRIN; PROPOXYPHENE NAPSYLATE,TRUE,RXCUI:2661008,True,False
UNII:094DKY9OHM,METIROSINE,FALSE,UNII:094DKY9OHM,False,False
UNII:M1ZRX790SI,BRILLIANT BLUE G,FALSE,UNII:M1ZRX790SI,True,True
DRUGBANK:DB16738,CILTACABTAGENE AUTOLEUCEL,FALSE,DRUGBANK:DB16738,True,False
RXCUI:1243017,LINAGLIPTIN; METFORMIN,TRUE,RXCUI:1243017,True,False
RXCUI:1596453,BETAMETHASONE; CLOTRIMAZOLE,TRUE,RXCUI:1430114,True,False
UMLS:C1520065,VOTUMUMAB,FALSE,UMLS:C1520065,False,False
UNII:W64YBJ346B,LASMIDITAN SUCCINATE,FALSE,UNII:W64YBJ346B,False,False
RXCUI:1154777,CHLORPHENIRAMINE; IBUPROFEN; PSEUDOEPHEDRINE,TRUE,RXCUI:1154777,True,False
RXCUI:1162273,OXYTETRACYCLINE; POLYMYXIN B,TRUE,RXCUI:1162273,True,False
RXCUI:17276,HYDROCHLOROTHIAZIDE; SPIRONOLACTONE,TRUE,RXCUI:17276,True,False
RXCUI:1927611,AMPHETAMINE; AMPHETAMINE ASPARTATE; DEXTROAMPHETAMINE; DEXTROAMPHETAMINE SACCHARATE; AMPHETAMINE RESIN; DEXTROAMPHETAMINE RESIN; AMPHETAMINE; AMPHETAMINE; DEXTROAMPHETAMINE; DEXTROAMPHETAMINE; AMPHETAMINE; AMPHETAMINE ASPARTATE/DEXTROAMPHETAMINE,TRUE,MESH:C090411,True,True
RXCUI:1944779,ALLOPURINOL; LESINURAD,TRUE,RXCUI:1944779,True,False
RXCUI:379056,INSULIN ASPART; INSULIN ASPART; INSULIN DEGLUDEC; INSULIN ASPART PROTAMINE AND INSULIN ASPART,False; True,RXCUI:379056,True,False
CHEBI:53442,CHROMIC ,FALSE,CHEBI:53442,True,True
DRUGBANK:DB00785,CRYPTENAMINE ACETATES; CRYPTENAMINE TANNATES,FALSE,DRUGBANK:DB00785,True,False
PUBCHEM.COMPOUND:16218554,FOSCARNET SODIUM HYDRATE,FALSE,PUBCHEM.COMPOUND:16218554,False,False
PUBCHEM.COMPOUND:24847771,PHENYLACETATE; SODIUM BENZOATE; SODIUM BENZOATE; SODIUM PHENYLACETATE,True; False,PUBCHEM.COMPOUND:24847771,True,False
RXCUI:1160382,MEPERIDINE; PROMETHAZINE,TRUE,RXCUI:1160382,True,False
RXCUI:1483547,DROSPIRENONE; ESTRADIOL,TRUE,RXCUI:1483547,True,False
RXCUI:1551410,FLURANDRENOLIDE; NEOMYCIN,TRUE,RXCUI:1551410,True,False
RXCUI:1603837,AVIBACTAM; CEFTAZIDIME,TRUE,RXCUI:1603837,True,False
RXCUI:373030,FLUOCINOLONE ACETONIDE; NEOMYCIN,TRUE,RXCUI:373030,True,False
RXCUI:374668,COLISTIN; HYDROCORTISONE; NEOMYCIN; THONZONIUM,TRUE,RXCUI:216160,True,False
UNII:JM2621P2LS,"""ESTROGENS, CONJUGATED SYNTHETIC A""",FALSE,UNII:JM2621P2LS,True,False
DRUGBANK:DB10803,TYPHOID VI POLYSACCHARIDE VACCINE,FALSE,DRUGBANK:DB10803,True,False
DRUGBANK:DB13883,ANTIVENIN (MICRURUS FULVIUS),FALSE,DRUGBANK:DB13883,True,False
PUBCHEM.COMPOUND:131952892,LUTETIUM (177LU) OXODOTREOTIDE,FALSE,PUBCHEM.COMPOUND:131952892,False,False
PUBCHEM.COMPOUND:70404517,AMOXICILLIN HYDRATE,FALSE,PUBCHEM.COMPOUND:70404517,False,False
PUBCHEM.COMPOUND:74763996,TEBIPENEM PIVOXIL,FALSE,PUBCHEM.COMPOUND:74763996,False,False
RXCUI:1152272,AMITRIPTYLINE; PERPHENAZINE,TRUE,RXCUI:1152272,True,False
RXCUI:1152351,ISOPROPYL ALCOHOL; POVACRYLEX,TRUE,RXCUI:1152351,True,False
RXCUI:217282,PSEUDOEPHEDRINE; TRIPROLIDINE,TRUE,RXCUI:215364,True,False
RXCUI:372946,HYDROCHLOROTHIAZIDE; MOEXIPRIL,TRUE,RXCUI:372946,True,False
RXCUI:378778,CLAVULANATE; TICARCILLIN,TRUE,,,False
RXCUI:584411,CLIOQUINOL; NYSTATIN,TRUE,CHEBI:7660,True,True
UNII:15S4OCS6SS,TENELIGLIPTIN HYDROBROMIDE HYDRATE,FALSE,UNII:15S4OCS6SS,False,False
DRUGBANK:DB16736,ALLOGENEIC PROCESSED THYMUS TISSUE-AGDC,FALSE,DRUGBANK:DB16736,True,False
MESH:C000629636,INSULIN DEGLUDEC; INSULIN DEGLUDEC AND LIRAGLUTIDE,FALSE,MESH:C000629636,True,False
PUBCHEM.COMPOUND:72941734,TECHNETIUM TC-99M APCITIDE,FALSE,PUBCHEM.COMPOUND:72941734,False,False
RXCUI:1012379,BUPIVACAINE; EPINEPHRINE,TRUE,CHEBI:3215,True,True
RXCUI:352450,METFORMIN; ROSIGLITAZONE,TRUE,RXCUI:352450,True,False
RXCUI:643059,DIPHENHYDRAMINE; IBUPROFEN; DIPHENHYDRAMINE CITRATE,True; False,RXCUI:643059,True,False
UNII:9X1NTA9SRP,FOSPHENYTOIN SODIUM HYDRATE,FALSE,UNII:9X1NTA9SRP,False,False
UNII:EPK39PL4R4,ELASOMERAN,FALSE,UNII:EPK39PL4R4,False,False
UNII:W69HSF2416,LEVOCETIRIZINE HYDROCHLORIDE,FALSE,UNII:W69HSF2416,False,False
CHEBI:4757,EDETATE  ,FALSE,CHEBI:4757,True,True
PUBCHEM.COMPOUND:171042838,GABAPENTINE,FALSE,PUBCHEM.COMPOUND:171042838,False,False
PUBCHEM.COMPOUND:2575,CARBENICILLIN INDANYL ,FALSE,PUBCHEM.COMPOUND:2575,False,False
RXCUI:1164880,ALISKIREN; AMLODIPINE; HYDROCHLOROTHIAZIDE; ALISKIREN; AMLODIPINE,TRUE,RXCUI:1164880,True,False
RXCUI:372997,NAPHAZOLINE; PHENIRAMINE,TRUE,MESH:C116502,True,False
RXCUI:802742,METFORMIN; REPAGLINIDE,TRUE,RXCUI:802742,True,False
CHEMBL.COMPOUND:CHEMBL1201731,NEBIVOLOL HYDROCHLORIDE,FALSE,CHEMBL.COMPOUND:CHEMBL1201731,False,False
PUBCHEM.COMPOUND:3263,ESTRADIOL CYPIONATE,FALSE,PUBCHEM.COMPOUND:3263,False,False
PUBCHEM.COMPOUND:9855350,GENTAMICIN SULFATE,FALSE,PUBCHEM.COMPOUND:9855350,False,False
RXCUI:1189802,SIMVASTATIN; SITAGLIPTIN,TRUE,RXCUI:1189802,True,False
RXCUI:1601650,ATAZANAVIR; COBICISTAT,TRUE,RXCUI:1601650,True,False
RXCUI:2359277,EMPAGLIFLOZIN; LINAGLIPTIN; METFORMIN,TRUE,RXCUI:2359277,True,False
RXCUI:370778,ACRIVASTINE; PSEUDOEPHEDRINE,TRUE,RXCUI:370778,True,False
UNII:9M48M2SF02,TECHNETIUM TC-99M DEPREOTIDE,FALSE,UNII:9M48M2SF02,False,False
UNII:C5N25H3803,ESOMEPRAZOLE STRONTIUM,FALSE,UNII:C5N25H3803,False,False
PUBCHEM.COMPOUND:9919001,FORMOTEROL FUMARATE,FALSE,PUBCHEM.COMPOUND:9919001,False,False
RXCUI:1157748,DESERPIDINE; METHYCLOTHIAZIDE; METHYCLOTHIAZIDE; PARGYLINE,TRUE,RXCUI:1157748,True,False
RXCUI:1597376,OMBITASVIR; PARITAPREVIR; RITONAVIR,TRUE,RXCUI:1597376,True,False
RXCUI:1925495,DAPAGLIFLOZIN; SAXAGLIPTIN,TRUE,RXCUI:1925495,True,False
RXCUI:1945037,FLUTICASONE; UMECLIDINIUM; VILANTEROL; FLUTICASONE; UMECLIDINIUM; VILANTEROL TRIFENATATE,TRUE,RXCUI:1945037,True,False
UNII:CIX5G6J9R1,IODOXAMATE ,FALSE,UNII:CIX5G6J9R1,False,False
CHEBI:63608,MARAVIROC,FALSE,CHEBI:63608,True,True
DRUGBANK:DB14410,"""ADENOVIRUS TYPE 4 AND TYPE 7 VACCINE, LIVE, ORAL""",FALSE,DRUGBANK:DB14410,True,False
DRUGBANK:DB18680,LOVOTIBEGLOGENE AUTOTEMCEL,FALSE,DRUGBANK:DB18680,True,False
RXCUI:1156610,CANDESARTAN CILEXETIL; HYDROCHLOROTHIAZIDE,TRUE,RXCUI:1156610,True,False
RXCUI:1986370,OLIVE OIL; SOYBEAN OIL; FISH OIL; MEDIUM CHAIN TRIGLYCERIDES; OLIVE OIL; SOYBEAN OIL; SAFFLOWER OIL; SOYBEAN OIL,TRUE,RXCUI:1986370,True,False
RXCUI:659877,"""RECOMBINANT ADSORBED QUADRIVALENT HUMAN PAPILLOMAVIRUS VIRUS-LIKE PARTICLE VACCINE (YEAST ORIGIN); HUMAN PAPILLOMAVIRUS VACCINE [TYPES 16, 18] (RECOMBINANT, ADJUVANTED, ADSORBED); HUMAN PAPILLOMAVIRUS VACCINE [TYPES 6, 11, 16, 18] (RECOMBINANT, ADSORBED); HUMAN PAPILLOMAVIRUS QUADRIVALENT (TYPES 6, 11, 16 AND 18) VACCINE, RECOMBINANT; HUMAN PAPILLOMAVIRUS BIVALENT (TYPES 16 AND 18) VACCINE, RECOMBINANT""",FALSE,RXCUI:659877,True,False
UNII:2XI226J1HS,PAZUFLOXACIN MESILATE,FALSE,UNII:2XI226J1HS,False,False
UNII:7R247U84HY,CEFTOLOZANE SULFATE,FALSE,UNII:7R247U84HY,False,False
PUBCHEM.COMPOUND:146156971,HYDROXOCOBALAMIN,FALSE,PUBCHEM.COMPOUND:146156971,False,False
RXCUI:1098473,SODIUM FLUORIDE; TRICLOSAN,TRUE,RXCUI:1098473,True,False
RXCUI:1158770,MAGNESIUM CHLORIDE; SODIUM BICARBONATE; SODIUM CHLORIDE,TRUE,RXCUI:1158770,True,False
RXCUI:1165009,FEXOFENADINE; PSEUDOEPHEDRINE,TRUE,RXCUI:1165009,True,False
RXCUI:574548,ASPIRIN; DIPYRIDAMOLE,TRUE,,,False
CHEBI:31953,OXYTETRACYCLINE HYDROCHLORIDE,FALSE,CHEBI:31953,False,True
DRUGBANK:DB11051,AZFICEL-T,FALSE,DRUGBANK:DB11051,True,True
RXCUI:1153319,CHLORDIAZEPOXIDE; CLIDINIUM,TRUE,RXCUI:1153319,True,False
RXCUI:1599801,DONEPEZIL; MEMANTINE,TRUE,RXCUI:1599801,True,False
RXCUI:1858992,INSULIN GLARGINE; INSULIN GLARGINE; LIXISENATIDE; INSULIN GLARGINE AND LIXISENATIDE,False; True,RXCUI:1858992,True,False
RXCUI:261454,HYDROCHLOROTHIAZIDE; IRBESARTAN; GUANETHIDINE MONOSULFATE; HYDROCHLOROTHIAZIDE; DESERPIDINE; HYDROCHLOROTHIAZIDE; HYDROCHLOROTHIAZIDE; PINDOLOL,TRUE,RXCUI:261454,True,False
RXCUI:284756,LOPINAVIR; RITONAVIR; NIRMATRELVIR; RITONAVIR,TRUE,RXCUI:284756,True,False
RXCUI:57773,AMPICILLIN/AMPICILLIN; PROBENECID; AMPICILLIN; SULBACTAM,TRUE,RXCUI:57773,True,False
UNII:361QYH8LGO,ACETRIZOATE ,FALSE,UNII:361QYH8LGO,False,False
UNII:845NU6GJPS,PAROMOMYCIN SULFATE,FALSE,UNII:845NU6GJPS,False,False
UNII:WK1NMH89VJ,ERAVACYCLINE DIHYDROCHLORIDE,FALSE,UNII:WK1NMH89VJ,False,False
UNII:Z7G02XZ0M6,SIPONIMOD FUMARIC ACID,FALSE,UNII:Z7G02XZ0M6,False,False
CHEBI:59902,ENTECAVIR HYDRATE,FALSE,CHEBI:59902,False,True
PUBCHEM.COMPOUND:21014972,TELAVANCIN; TELAVANCIN ,FALSE,PUBCHEM.COMPOUND:21014972,False,False
RXCUI:1546884,ABACAVIR; DOLUTEGRAVIR; LAMIVUDINE; DOLUTEGRAVIR; LAMIVUDINE; LAMIVUDINE; RALTEGRAVIR,TRUE,RXCUI:1546884,True,False
RXCUI:1599844,CARBIDOPA; LEVODOPA,TRUE,RXCUI:36572,True,False
RXCUI:219289,DEXAMETHASONE; NEOMYCIN; POLYMYXIN B; DEXAMETHASONE; NEOMYCIN,TRUE,PUBCHEM.COMPOUND:56841899,True,False
RXCUI:2583638,INACTIVATED TICK-BORNE ENCEPHALITIS VIRUS; TICK-BORNE ENCEPHALITIS VACCINE,FALSE,RXCUI:2583638,True,False
RXCUI:37789,ATENOLOL; CHLORTHALIDONE,TRUE,RXCUI:37789,True,False
RXCUI:94334,DEXAMETHASONE; TOBRAMYCIN,TRUE,RXCUI:94334,True,False
UNII:07896928ZC,ERAVACYCLINE,FALSE,UNII:07896928ZC,True,True
UNII:M6N3GK48A4,IPRAGLIFLOZIN L-PROLINE,FALSE,UNII:M6N3GK48A4,False,False
DRUGBANK:DB10394,TIMOTHY GRASS POLLEN ALLERGEN EXTRACT,FALSE,DRUGBANK:DB10394,True,False
RXCUI:1154226,DESOGESTREL; ETHINYL ESTRADIOL,TRUE,RXCUI:1154226,True,False
RXCUI:1161886,EMTRICITABINE; TENOFOVIR DISOPROXIL,TRUE,RXCUI:1161886,True,False
RXCUI:1597091,"""RECOMBINANT ADSORBED 9-VALENT HUMAN PAPILLOMAVIRUS VIRUS-LIKE PARTICLE VACCINE (YEAST ORIGIN); RECOMBINANT ADSORBED 4-VALENT HUMAN PAPILLOMAVIRUS VIRUS-LIKE PARTICLE VACCINE (YEAST ORIGIN); HUMAN PAPILLOMAVIRUS 9-VALENT VACCINE (RECOMBINANT, ADSORBED); HUMAN PAPILLOMAVIRUS 9-VALENT VACCINE, RECOMBINANT""",FALSE,RXCUI:1597091,True,False
RXCUI:2099130,BENOXINATE; FLUORESCEIN,TRUE,RXCUI:2099130,True,False
RXCUI:2382602,"""PERTUZUMAB; TRASTUZUMAB; PERTUZUMAB, TRASTUZUMAB, AND HYALURONIDASE-ZZXF""",True; False,RXCUI:2382602,True,False
RXCUI:2638480,PHENYLEPHRINE; TROPICAMIDE,TRUE,RXCUI:2638480,True,False
RXCUI:373644,ACETAMINOPHEN; PROPOXYPHENE,TRUE,RXCUI:373644,True,False
RXCUI:402099,ESTRADIOL; LEVONORGESTREL,TRUE,RXCUI:402099,True,False
RXCUI:76162,ISONIAZID; PYRAZINAMIDE; RIFAMPIN,TRUE,RXCUI:76162,True,False
RXCUI:998040,BECLOMETASONE; FORMOTEROL; FORMOTEROL; MOMETASONE,TRUE,RXCUI:998040,True,False
RXCUI:998421,ACYCLOVIR; HYDROCORTISONE,TRUE,RXCUI:998421,True,False
UNII:5Q6TZN2HNM,ECALLANTIDE,FALSE,UNII:5Q6TZN2HNM,True,True
UNII:L63605PZ70,TALAPORFIN SODIUM,FALSE,UNII:L63605PZ70,False,False
UNII:X89XV46R07,TECHNETIUM TC-99M MEDRONATE,FALSE,UNII:X89XV46R07,False,True
PUBCHEM.COMPOUND:21873174,TESTOSTERONE UNDECANOATE,FALSE,PUBCHEM.COMPOUND:21873174,False,False
RXCUI:1550955,ESOMEPRAZOLE; NAPROXEN; DIPHENHYDRAMINE; NAPROXEN,TRUE,RXCUI:1550955,True,False
RXCUI:1552339,NETUPITANT; PALONOSETRON; FOSNETUPITANT; PALONOSETRON,TRUE,RXCUI:1552339,True,False
RXCUI:2371722,DAPAGLIFLOZIN; METFORMIN; SAXAGLIPTIN,TRUE,RXCUI:2371722,True,False
UMLS:C3488556,VERATRUM VIRIDE ROOT,FALSE,UMLS:C3488556,True,False
UMLS:C3651725,PERFLUOROPOLYMETHYLISOPROPYL ETHER,FALSE,UMLS:C3651725,True,False
UNII:4R069M4O1P,VASOPRESSIN TANNATE,FALSE,UNII:4R069M4O1P,False,False
DRUGBANK:DB15164,"""ADAMTS13, RECOMBINANT-KRHN""",FALSE,DRUGBANK:DB15164,True,False
RXCUI:1160458,POLYTHIAZIDE; PRAZOSIN,TRUE,RXCUI:1160458,True,False
RXCUI:2283226,BEMPEDOIC ACID; EZETIMIBE,TRUE,RXCUI:2283226,True,False
RXCUI:373651,HYDROCHLOROTHIAZIDE; PROPRANOLOL,TRUE,RXCUI:373651,True,False
RXCUI:393371,DEXTROMETHORPHAN; PROMETHAZINE,TRUE,RXCUI:393371,True,False
RXCUI:858725,CHLORHEXIDINE GLUCONATE; ISOPROPYL ALCOHOL,TRUE,CHEBI:3614,True,True
UMLS:C5783688,UFRENMERAN,FALSE,UMLS:C5783688,False,False
CHEBI:5538,GRANISETRON HYDROCHLORIDE,FALSE,CHEBI:5538,False,True
RXCUI:1157004,NAPROXEN; PSEUDOEPHEDRINE,TRUE,RXCUI:1157004,True,False
RXCUI:1158330,DIENOGEST; ESTRADIOL,TRUE,RXCUI:1158330,True,False
RXCUI:1162866,METHYCLOTHIAZIDE; RESERPINE,TRUE,RXCUI:1162866,True,False
RXCUI:1302827,PHENTERMINE; TOPIRAMATE,TRUE,RXCUI:1302827,True,False
RXCUI:1655924,IVACAFTOR; LUMACAFTOR; ELEXACAFTOR; IVACAFTOR; IVACAFTOR; TEZACAFTOR; IVACAFTOR; IVACAFTOR; TEZACAFTOR,TRUE,RXCUI:1655924,True,False
UNII:R35D29L3ZA,PYRILAMINE MALEATE,FALSE,UNII:R35D29L3ZA,False,False
CHEBI:229544,DURLOBACTAM SODIUM,FALSE,CHEBI:229544,False,True
PUBCHEM.COMPOUND:129858712,PERAMIVIR HYDRATE,FALSE,CHEBI:85196,True,True
RXCUI:1151901,ACETAMINOPHEN; OXYCODONE; ACETAMINOPHEN; OXYCODONE; OXYCODONE,TRUE,RXCUI:1151901,True,False
RXCUI:1157539,NEOMYCIN; POLYMYXIN B; PREDNISOLONE,TRUE,RXCUI:1157539,True,False
RXCUI:1356974,ESTRADIOL; NOMEGESTROL,TRUE,CHEBI:16469,True,True
RXCUI:1600715,AMLODIPINE; PERINDOPRIL,TRUE,RXCUI:1600715,True,False
RXCUI:2108921,ESTRADIOL; PROGESTERONE,TRUE,RXCUI:2108921,True,False
RXCUI:215703,PREDNISOLONE; SULFACETAMIDE; CHLORAMPHENICOL; PREDNISOLONE; NEOMYCIN; PREDNISOLONE,TRUE,RXCUI:215703,True,False
UNII:1D6EFC579A,CHLORMERODRIN HG-197,FALSE,UNII:1D6EFC579A,False,False
UNII:PUE0TO3XDR,DALTEPARIN ; TINZAPARIN ,FALSE,UNII:PUE0TO3XDR,True,True
DRUGBANK:DB10796,INACTIVATED POLIOMYELITIS,FALSE,DRUGBANK:DB10796,True,False
PUBCHEM.COMPOUND:74030550,SUGAMMADEX; SUGAMMADEX ,FALSE,PUBCHEM.COMPOUND:74030550,False,False
RXCUI:1151928,ACETAMINOPHEN; PROPOXYPHENE NAPSYLATE,TRUE,RXCUI:1151928,True,False
RXCUI:1153744,ASPIRIN; METHOCARBAMOL,TRUE,RXCUI:1153744,True,False
RXCUI:1158837,AZATADINE; PSEUDOEPHEDRINE,TRUE,RXCUI:1158837,True,False
RXCUI:1163429,HYDROCORTISONE; OXYTETRACYCLINE,TRUE,RXCUI:1163429,True,False
RXCUI:1741730,EMTRICITABINE; RILPIVIRINE; TENOFOVIR ALAFENAMIDE,TRUE,RXCUI:1741730,True,False
UNII:22966TX7J5,EPIRUBICIN HYDROCHLORIDE,FALSE,UNII:22966TX7J5,False,False
CHEBI:85164,NINTEDANIB ETHANESULFONATE; NINTEDANIB,FALSE,CHEBI:85164,True,True
MESH:C000726347,"""RECOMBINANT ADSORBED HEPATITIS B VACCINE (PREPARED FROM YEAST); HEPATITIS B SURFACE ANTIGEN; HEPATITIS A (INACTIVATED) AND HEPATITIS B (RDNA) (HAB) VACCINE (ADSORBED); HEPATITIS B VACCINE (RECOMBINANT DNA); HEPATITIS B (RDNA) (HAB) VACCINE (ADSORBED); HEPATITIS\\XA0B (RDNA) VACCINE (ADJUVANTED; HEPATITIS B (RDNA) (HBV) VACCINE (ADSORBED); HEPATITIS\\XA0B (RECOMBINANT); HEPATITIS B (RECOMBINANT) VACCINE; HEPATITIS B RECOMBINANT; HEPATITIS B SURFACE ANTIGENS RECOMBINANT (S; HEPATITIS B (RDNA) VACCINE (ADSORBED); HEPATITIS B VACCINE (RECOMBINANT); HEPATITIS B VACCINE (RECOMBINANT), ADJUVANTED""",FALSE,MESH:C075654,True,False
RXCUI:1155481,COLCHICINE; PROBENECID,TRUE,RXCUI:1155481,True,False
RXCUI:1235141,AZILSARTAN KAMEDOXOMIL; CHLORTHALIDONE,TRUE,RXCUI:1235141,True,False
RXCUI:1545147,CANAGLIFLOZIN; METFORMIN,TRUE,RXCUI:1545147,True,False
RXCUI:373041,NEOMYCIN; TRIAMCINOLONE ACETONIDE,TRUE,RXCUI:373041,True,False
RXCUI:378626,ESTRADIOL CYPIONATE; MEDROXYPROGESTERONE,TRUE,RXCUI:378626,True,False
UNII:42MB94QOSM,EMEDASTINE DIFUMARATE,FALSE,UNII:42MB94QOSM,False,False
DRUGBANK:DB10553,"""DEFATTED POWDER OF ARACHIS HYPOGAEA L., SEMEN (PEANUTS); PEANUT (ARACHIS HYPOGAEA) ALLERGEN POWDER-DNFP""",FALSE,DRUGBANK:DB10553,True,False
RXCUI:1190578,DEXBROMPHENIRAMINE; PSEUDOEPHEDRINE; ACETAMINOPHEN; DEXBROMPHENIRAMINE; PSEUDOEPHEDRINE,TRUE,RXCUI:1190578,True,False
RXCUI:2613965,PHENYLBUTYRATE; TAURURSODIOL,TRUE,RXCUI:2613965,True,False
UNII:MKF129JIZX,ROSE BENGAL  I-131,FALSE,UNII:MKF129JIZX,False,False
UNII:N6OU7HJ70P,TETRAKIS (2-METHOXY- ISOBUTYL ISONITRILE) COPPER (I) TETRAFLUOROBORATE,FALSE,UNII:N6OU7HJ70P,True,False
MESH:C568345,FISH OIL TRIGLYCERIDES,FALSE,MESH:C568345,False,False
RXCUI:374456,EPINEPHRINE; LIDOCAINE; DIHYDROERGOTAMINE; HEPARIN; LIDOCAINE; EPINEPHRINE; PROCAINE; CEFTRIAXONE; LIDOCAINE; LIDOCAINE; OXYTETRACYCLINE,TRUE,CHEBI:6456,True,True
RXCUI:545254,LOTEPREDNOL ETABONATE; TOBRAMYCIN,TRUE,RXCUI:545254,True,False
UNII:16U7H60184,SIMEPREVIR SODIUM,FALSE,UNII:16U7H60184,False,False
UNII:93X55PE38X,FLUORESCEIN SODIUM,FALSE,UNII:93X55PE38X,False,False
UNII:AL3L5D17Y7,PEGULICIANINE ,FALSE,UNII:AL3L5D17Y7,False,False
UNII:ZR36MFA9P8,FOSNETUPITANT CHLORIDE HYDROCHLORIDE,FALSE,UNII:ZR36MFA9P8,False,False
RXCUI:1165311,IBUPROFEN; PSEUDOEPHEDRINE,TRUE,RXCUI:1165311,True,False
RXCUI:34246,POLYMYXIN B; TRIMETHOPRIM,TRUE,RXCUI:34246,True,False
RXCUI:83156,LANSOPRAZOLE; NAPROXEN,TRUE,CHEBI:6375,True,True
UMLS:C3500339,INTERFERON GAMMA-1A,FALSE,UMLS:C3500339,True,False
UNII:129FW80TG4,MANGAFODIPIR TRISODIUM,FALSE,UNII:129FW80TG4,False,False
UNII:V717MS5D5B,METRIZOATE MAGNESIUM,FALSE,UNII:V717MS5D5B,False,False
PUBCHEM.COMPOUND:4134252, GLUCONATE,FALSE,PUBCHEM.COMPOUND:4134252,False,False
PUBCHEM.COMPOUND:6852374,EPINEPHRINE BITARTRATE,FALSE,PUBCHEM.COMPOUND:6852374,False,False
RXCUI:1086436,SIMETHICONE,FALSE,CHEBI:31498,True,True
RXCUI:1157512,NAPROXEN; SUMATRIPTAN,TRUE,RXCUI:1157512,True,False
RXCUI:647208,GLIMEPIRIDE; PIOGLITAZONE,TRUE,RXCUI:647208,True,False
UNII:1I3Z5LHR6P,CALCIUM METRIZOATE,FALSE,UNII:1I3Z5LHR6P,False,False
UNII:HQ43CN02U9,IOXAGLATE SODIUM,FALSE,UNII:HQ43CN02U9,False,False
UNII:O4CEK7FP0D,UNDECOYLIUM CHLORIDE IODINE COMPLEX,FALSE,UNII:O4CEK7FP0D,False,False
UNII:W7DQT6KY5S,LEVOPROPOXYPHENE NAPSYLATE ,FALSE,UNII:W7DQT6KY5S,False,False
DRUGBANK:DB10061,"""MENINGOCOCCAL (GROUPS A, C, Y, AND W-135) OLIGOSACCHARIDE DIPHTHERIA CRM197 CONJUGATE VACCINE""",FALSE,DRUGBANK:DB10061,False,False
DRUGBANK:DB17090,IMELASOMERAN,FALSE,DRUGBANK:DB17090,False,False
PUBCHEM.COMPOUND:20734893,FLUTICASONE FUROATE,FALSE,PUBCHEM.COMPOUND:20734893,False,False
PUBCHEM.COMPOUND:57414794,DOLUTEGRAVIR; DOLUTEGRAVIR ,FALSE,PUBCHEM.COMPOUND:57414794,False,False
RXCUI:1043561,METFORMIN; SAXAGLIPTIN,TRUE,RXCUI:1043561,True,False
RXCUI:1162813,LAMIVUDINE; NEVIRAPINE; ZIDOVUDINE,TRUE,RXCUI:1162813,True,False
RXCUI:1165654,FLUTICASONE; SALMETEROL,TRUE,RXCUI:1165654,True,False
RXCUI:1670307,TRIFLURIDINE TIPIRACIL HYDROCHLORIDE; TIPIRACIL; TRIFLURIDINE,False; True,RXCUI:1670307,True,False
RXCUI:1992822,ERTUGLIFLOZIN; SITAGLIPTIN,TRUE,RXCUI:1992822,True,False
RXCUI:287575,FIBRIN SEALANT (TISSEEL),FALSE,UNII:SCK81AMR7R,True,True
RXCUI:371909,ATROPINE; DIPHENOXYLATE,TRUE,RXCUI:371909,True,False
UNII:47BPR3V3MP,INTERFERON ALFA-N3 (HUMAN LEUKOCYTE DERIVED),FALSE,UNII:47BPR3V3MP,True,False
PUBCHEM.COMPOUND:11485687,TECOVIRIMAT,FALSE,PUBCHEM.COMPOUND:11485687,False,False
PUBCHEM.COMPOUND:16051958,STREPTOMYCIN SULFATE,FALSE,PUBCHEM.COMPOUND:16051958,False,False
RXCUI:1116108,ALCOHOL; CHLORHEXIDINE GLUCONATE,TRUE,RXCUI:1116105,True,False
RXCUI:1310500,CHLORPHENIRAMINE; IBUPROFEN; PHENYLEPHRINE,TRUE,RXCUI:1310500,True,False
RXCUI:1551466,BUPROPION; NALTREXONE; NALTREXONE; OXYCODONE,TRUE,RXCUI:1551466,True,False
RXCUI:1922783,DORZOLAMIDE; TIMOLOL,TRUE,RXCUI:1922783,True,False
UNII:80VUN7L00C,ENMETAZOBACTAM,FALSE,UNII:80VUN7L00C,True,False
UNII:956S425ZCY,NOGITECAN HYDROCHLORIDE,FALSE,UNII:956S425ZCY,False,False
DRUGBANK:DB10283,RABIES VACCINE; RABIES VACCINE ADSORBED,FALSE,DRUGBANK:DB10283,True,False
DRUGBANK:DB13924,"""FREEZE-DRIED RECOMBINANT HERPES ZOSTER VACCINE (PREPARED FROM CHINESE HAMSTER OVARY CELLS); VARICELLA ZOSTER VIRUS GE ANTIGEN; EBOLA VACCINE (AD26.ZEBOV-GP [RECOMBINANT]); EBOLA VACCINE (MVA-BN-FILO [RECOMBINANT]); QUADRIVALENT INFLUENZA VACCINE (RECOMBINANT, PREPARED IN CELL CULTURE); HERPES ZOSTER VACCINE (RECOMBINANT, ADJUVANTED); ZOSTER VACCINE RECOMBINANT, ADJUVANTED""",FALSE,DRUGBANK:DB13924,True,False
PUBCHEM.COMPOUND:71308244,NALDEMEDINE; NALDEMEDINE ,FALSE,PUBCHEM.COMPOUND:71308244,False,False
PUBCHEM.COMPOUND:9847786,TOLTERODINE TARTRATE,FALSE,PUBCHEM.COMPOUND:9847786,False,False
RXCUI:1153890,CODEINE POLISTIREX,FALSE,RXCUI:1153890,True,False
RXCUI:1157357,ETHINYL ESTRADIOL; NORGESTREL,TRUE,RXCUI:1157357,True,False
RXCUI:1441388,BAZEDOXIFENE; OESTROGENS CONJUGATED; BAZEDOXIFENE; CONJUGATED; ESTROGENS; CONJUGATED; ESTROGENS; MEPROBAMATE; CONJUGATED; ESTROGENS; MEDROXYPROGESTERONE,TRUE,RXCUI:1441388,True,False
RXCUI:1658945,ARTICAINE; EPINEPHRINE,TRUE,RXCUI:285091,True,False
RXCUI:1720952,GLYCOPYRRONIUM; INDACATEROL; MOMETASONE; INDACATEROL; MOMETASONE; GLYCOPYRRONIUM; INDACATEROL; GLYCOPYRROLATE; INDACATEROL,TRUE,,,False
UNII:86315B9ND7,BACITRACIN ZINC,FALSE,UNII:86315B9ND7,False,False
UNII:YYI1A8W4TQ,DEXTROAMPHETAMINE ADIPATE,FALSE,UNII:YYI1A8W4TQ,False,False
PUBCHEM.COMPOUND:24984318,VALBENAZINE ,FALSE,PUBCHEM.COMPOUND:24984318,False,False
RXCUI:1153234,ASPIRIN; CAFFEINE; PROPOXYPHENE,TRUE,RXCUI:1153234,True,False
RXCUI:1154591,ACETAMINOPHEN; CAFFEINE; DIHYDROCODEINE,TRUE,RXCUI:1154591,True,False
RXCUI:1802210,DASABUVIR; OMBITASVIR; PARITAPREVIR; RITONAVIR,TRUE,RXCUI:1802210,True,False
RXCUI:2639950,EFGARTIGIMOD ALFA AND HYALURONIDASE-QVFC,FALSE,RXCUI:2639950,True,False
UNII:2X513P36U0,FOSTEMSAVIR TROMETHAMINE,FALSE,UNII:2X513P36U0,False,False
UNII:780F0P8N4I,MIRIPLATIN HYDRATE,FALSE,UNII:780F0P8N4I,False,False
UNII:7FY24HE2G3,CHLOROQUINE PHOSPHATE,FALSE,UNII:7FY24HE2G3,False,False
RXCUI:1152286,AMLODIPINE; OLMESARTAN MEDOXOMIL,TRUE,RXCUI:1152286,True,False
RXCUI:216971,ACETAMINOPHEN; BUTALBITAL; CAFFEINE; ACETAMINOPHEN; BUTALBITAL,TRUE,RXCUI:175184,True,False
RXCUI:218486,CUPRIC SULFATE; MANGANESE SULFATE; SELENIOUS ACID; ZINC SULFATE,TRUE,RXCUI:218486,True,False
RXCUI:2565805,BENZOYL PEROXIDE; TRETINOIN,TRUE,RXCUI:2565805,True,False
RXCUI:284831,CALCIUM CARBONATE; FAMOTIDINE; MAGNESIUM HYDROXIDE,TRUE,RXCUI:283641,True,False
UNII:79FZD535SC,PENTETATE  TRISODIUM,FALSE,UNII:79FZD535SC,False,False
UNII:C9R35M8XV6,"""PROTECTIVE ANTIGEN OF BORDETELLA PERTUSSIS DIPHTHERIA TOXOID TETANUS TOXOID INACTIVATED POLIOVIRUS TYPES 1-3 (SABIN STRAIN) HAEMOPHILUS INFLUENZAE TYPE B POLYSACCHARIDE- TETANUS TOXOID CONJUGATE; PROTECTIVE ANTIGEN OF BORDETELLA PERTUSSIS DIPHTHERIA TOXOID TETANUS TOXOID INACTIVATED POLIOVIRUS TYPES 1-3 (SABIN STRAIN) HAEMOPHILUS INFLUENZAE TYPE B OLIGOSACCHARIDE - DIPHTHERIA CRM197 CONJUGATE; HAEMOPHILUS INFLUENZAE TYPE B VACCINE ABSORBED (MUTATED DIPHTHERIA CRM197 CONJUGATE); HAEMOPHILUS INFLUENZAE TYPE B POLYSACCHARIDE- TETANUS TOXOID CONJUGATE VACCINE; HAEMOPHILUS INFLUENZAE TYPE B VACCINE ADSORBED (MUTATED DIPHTHERIA TOXIN CRM197 CONJUGATE); PNEUMOCOCCAL POLYSACCHARIDE CONJUGATE VACCINE (13-VALENT, ADSORBED); PNEUMOCOCCAL POLYSACCHARIDE CONJUGATE VACCINE (20-VALENT, ADSORBED); PNEUMOCOCCAL POLYSACCHARIDE CONJUGATE VACCINE (ADSORBED); DIPHTHERIA (D), TETANUS (T), PERTUSSIS (ACELLULAR, COMPONENT) (PA), HEPATITIS B (RDNA) (HBV), POLIOMYELITIS (INACTIVATED) (IPV) AND HAEMOPHILUS INFLUENZAE TYPE-B (HIB) CONJUGATE VACCINE (ADSORBED); DIPHTHERIA, TETANUS, PERTUSSIS (ACELLULAR, COMPONENT), HEPATITIS B (RDNA), POLIOMYELITIS (INACTIVATED) AND HAEMOPHILUS INFLUENZAE TYPE B CONJUGATE VACCINE (ADSORBED); DIPHTHERIA, TETANUS, PERTUSSIS (ACELLULAR, COMPONENT), HEPATITIS B (RDNA), POLIOMYELITIS (INACTIVATED) AND HAEMOPHILUS TYPE B CONJUGATE VACCINE (ADSORBED); HAEMOPHILUS INFLUENZAE TYPE B CONJUGATE VACCINE; HAEMOPHILUS INFLUENZAE TYPE\\XA0B CONJUGATE VACCINE (ABSORBED); HAEMOPHILUS B CONJUGATE VACCINE (TETANUS TOXOID CONJUGATE); DIPHTHERIA AND TETANUS TOXOIDS AND ACELLULAR PERTUSSIS ADSORBED, INACTIVATED POLIOVIRUS AND HAEMOPHILUS B CONJUGATE (TETANUS TOXOID CONJUGATE) VACCINE; 20-VALENT PNEUMOCOCCAL CONJUGATE VACCINE; PNEUMOCOCCAL 15-VALENT CONJUGATE VACCINE""",FALSE,UNII:C9R35M8XV6,True,False
UNII:Z58RH02W4M,AMPHETAMINE ADIPATE,FALSE,UNII:Z58RH02W4M,False,False
DRUGBANK:DB11294,COCCIDIOIDES IMMITIS SPHERULE-DERIVED SKIN TEST ANTIGEN,FALSE,DRUGBANK:DB11294,True,False
RXCUI:1153043,CHLORAMPHENICOL; HYDROCORTISONE; POLYMYXIN B,TRUE,RXCUI:1153043,True,False
RXCUI:192254,LAMIVUDINE; ZIDOVUDINE,TRUE,RXCUI:192254,True,False
RXCUI:2556915,CASIRIVIMAB; IMDEVIMAB,TRUE,RXCUI:2556915,True,False
RXCUI:687442,LIDOCAINE; TETRACAINE,TRUE,RXCUI:605343,True,False
RXCUI:850436,POLYETHYLENE GLYCOL 3350; POTASSIUM CHLORIDE; SODIUM BICARBONATE; SODIUM CHLORIDE; SODIUM SULFATE,TRUE,MESH:C033608,True,False
UNII:I47IU4FOCO,WARFARIN POTASSIUM,FALSE,UNII:I47IU4FOCO,False,False
UNII:IF1B771SVB,CYSTEAMINE HYDROCHLORIDE,FALSE,UNII:IF1B771SVB,False,False
CHEBI:229660,ZILUCOPLAN SODIUM,FALSE,CHEBI:229660,False,True
DRUGBANK:DB16709,MATRIX-APPLIED CHARACTERISED AUTOLOGOUS CULTURED CHONDROCYTES; AUTOLOGOUS CULTURED CHONDROCYTES; ALLOGENEIC CULTURED KERATINOCYTES AND FIBROBLASTS IN BOVINE COLLAGEN; AUTOLOGOUS CULTURED CHONDROCYTES ON PORCINE COLLAGEN MEMBRANE; ALLOGENEIC CULTURED KERATINOCYTES AND DERMAL FIBROBLASTS IN MURINE COLLAGEN-DSAT,FALSE,DRUGBANK:DB16709,True,False
UNII:025P9I542Y,CYANOCOBALAMIN CO-57,FALSE,UNII:025P9I542Y,True,False
DRUGBANK:DB11330,FACTOR IX ,FALSE,DRUGBANK:DB11330,True,True
MESH:C587552,"""SWEET VERNAL, ORCHARD, PERENNIAL RYE, TIMOTHY, AND KENTUCKY BLUE GRASS MIXED POLLENS ALLERGEN EXTRACT""",FALSE,MESH:C587552,False,False
PUBCHEM.COMPOUND:11305985,TOCOPHEROL ACETATE,FALSE,PUBCHEM.COMPOUND:11305985,False,False
RXCUI:1790637,FORMOTEROL; GLYCOPYRRONIUM; BECLOMETASONE; FORMOTEROL; GLYCOPYRRONIUM; FORMOTEROL; GLYCOPYRROLATE,TRUE,RXCUI:1790637,True,False
RXCUI:321369,LIDOCAINE; PRILOCAINE,TRUE,RXCUI:321369,True,False
UNII:4I27BB349X,ALKAVERVIR,FALSE,UNII:4I27BB349X,False,False
CHEBI:32121,SAQUINAVIR MESILATE,FALSE,CHEBI:32121,False,True
PUBCHEM.COMPOUND:157010649,ELTROMBOPAG CHOLINE,FALSE,PUBCHEM.COMPOUND:157010649,False,False
RXCUI:1152268,AMITRIPTYLINE; CHLORDIAZEPOXIDE,TRUE,RXCUI:1152268,True,False
RXCUI:1999385,IVACAFTOR; TEZACAFTOR,TRUE,RXCUI:1999385,True,False
RXCUI:2647689,ERYTHROMYCIN ETHYLSUCCINATE; SULFISOXAZOLE ACETYL,TRUE,RXCUI:2647689,True,False
RXCUI:372273,FOSINOPRIL; HYDROCHLOROTHIAZIDE,TRUE,RXCUI:372273,True,False
RXCUI:437117,BUPIVACAINE; LIDOCAINE,TRUE,RXCUI:437117,True,False
UNII:I69T4JE922,OLANEXIDINE GLUCONATE,FALSE,UNII:I69T4JE922,False,False
UNII:J13S2394HE,QUINIDINE SULFATE,FALSE,UNII:J13S2394HE,False,True
CHEBI:229675,FLOTUFOLASTAT F-18 GALLIUM,FALSE,CHEBI:229675,False,True
CHEBI:90933,CARIPRAZINE; CARIPRAZINE ,FALSE,CHEBI:90933,True,True
PUBCHEM.COMPOUND:2724192,ZINC ACETATE DIHYDRATE,FALSE,UNII:FM5526K07A,False,False
PUBCHEM.COMPOUND:71183,METHSCOPOLAMINE ,FALSE,PUBCHEM.COMPOUND:71183,False,True
RXCUI:1597612,CEFTOLOZANE; TAZOBACTAM,TRUE,RXCUI:1597612,True,False
RXCUI:2055981,ETHINYL ESTRADIOL; SEGESTERONE,TRUE,RXCUI:2055981,True,False
RXCUI:220751,ACETAMINOPHEN; ASPIRIN; CAFFEINE,TRUE,RXCUI:209468,True,False
RXCUI:369300,BENDROFLUMETHIAZIDE; NADOLOL,TRUE,,,False
RXCUI:404991,NIACINAMIDE; PYRIDOXINE; TYROSINE,TRUE,RXCUI:404991,True,False
